<?xml version="1.0" encoding="UTF-8"?>

<beans xmlns="http://www.springframework.org/schema/beans"
	xmlns:xsi="http://www.w3.org/2001/XMLSchema-instance" xmlns:context="http://www.springframework.org/schema/context"
	xsi:schemaLocation="http://www.springframework.org/schema/beans http://www.springframework.org/schema/beans/spring-beans.xsd
		http://www.springframework.org/schema/context http://www.springframework.org/schema/context/spring-context.xsd
		http://camel.apache.org/schema/spring http://camel.apache.org/schema/spring/camel-spring.xsd">

	<import resource="spring/batch/config/context.xml" />
<!-- 	<import resource="spring/batch/jobs/volt-holdfund-job.xml" /> -->
	<!-- <import resource="spring/batch/jobs/ola-fetch-image.xml" /> -->
	<!-- 	<import resource="spring/batch/jobs/update-category-job.xml" /> -->
		<import resource="spring/batch/jobs/FilePollerContext.xml" />
		<import resource="spring/batch/jobs/master-card-closure.xml" />
			<import resource="spring/batch/jobs/refund-api-call-job.xml" />


	<bean id="messageSource"
		class="org.springframework.context.support.ReloadableResourceBundleMessageSource">
		<property name="basenames">
			<list>
				<value>file:C:/Users/A1HKBZXG/git/UtilityBatchJobs/src/main/resources/batch
				</value>
				<!-- <value>file:batch</value> -->
			</list>
		</property>
	</bean>


	<context:property-placeholder
		location="file:C:/Users/A1HKBZXG/git/UtilityBatchJobs/src/main/resources/batch.properties" />
	<!-- <context:property-placeholder location="file:batch.properties" /> -->
	<camelContext xmlns="http://camel.apache.org/schema/spring">
		<propertyPlaceholder id="properties"
			location="file:C:/Users/A1HKBZXG/git/UtilityBatchJobs/src/main/resources/batch.properties" />
		<!-- <propertyPlaceholder id="properties" location="file:batch.properties"/> -->




		<dataFormats>
			<!-- <xmljson id="xmljson"/> -->
			<xmljson id="xmljson" forceTopLevelObject="true" trimSpaces="true"
				rootName="newRoot" skipNamespaces="true" removeNamespacePrefixes="true"
				expandableProperties="d e" />
		</dataFormats>

		<onException>
			<exception>java.lang.RuntimeException</exception>
			<handled>
				<constant>true</constant>
			</handled>
			<log loggingLevel="ERROR"
				message="Runtime Exception occured : ${exception.stacktrace}" />
		</onException>


		<onException>
			<exception>java.lang.Exception</exception>
			<handled>
				<constant>true</constant>
			</handled>

			<log loggingLevel="ERROR" message="Exception occured : ${exception.message}" />
		</onException>

		<intercept>
			<to uri="log:batch?level=INFO&amp;showHeaders=true" />
		</intercept>

		<route id="MyBatch">
			<from uri="jetty:http://0.0.0.0:{{port}}/batch/performOperation" />
			<log message="Got request to perform operation for ${header.operationName}" />

			<choice>
				
					<when>
					<simple>${header.operationName} == 'runRefundAPICallJob'</simple>
					<to uri="direct:refundApiCallJob" />
				</when>
				
				<when>
					<simple>${header.operationName} == 'runMasterCardClosureJob'</simple>
					<to uri="direct:refundApiCallJob" />
				</when>

				
				<otherwise>
					<transform>
						<constant>Either operation name has not been passed or operation
							name is invalid...
						</constant>
					</transform>
				</otherwise>
			</choice>
		</route>

		<route>
			<from uri="direct:masterCardClosureJob" />
			<to uri="spring-batch:masterCardClosureJob" />
		</route>
		
		
		
		<route>
			<from uri="direct:refundApiCallJob" />
			<choice>
				<when>
					<simple>${header.tranDate} contains &#39;-&#39;</simple>
				</when>
				<otherwise>
					<setHeader headerName="runDate">
						<simple>${date:now:yyyy-MM-dd_HH_mm_ss</simple>
					</setHeader>
				</otherwise>
			</choice>

			<log message="Transaction Date : ${header.runDate}" />


			<setHeader headerName="completeRefundStatusFilename">
				<simple>{{refund.api.output.file.location}}{{refund.api.output.file.intials}}_${header.runDate}.csv
				</simple>
			</setHeader>

			<setHeader headerName="fileName">
				<simple>{{refund.api.output.file.intials}}_${header.runDate}.csv
				</simple>
			</setHeader>


			<log message="File Name : ${header.completeRefundStatusFilename}" />

			<to uri="spring-batch:refundApiCallJob" />
		</route>

		

<!-- 
		<route id="voltHoldFundJobSch">
			<from uri="quartz://voltHoldFundJob?cron={{mer.risk.mgmt.cron}}" />
			<to uri="direct:voltHoldFundJob" />
		</route>
		
		
		<route id="oldImageReportJobSch">
			<from uri="quartz://oldImageReportJob?cron={{mer.risk.mgmt.cron}}" />
			<to uri="direct:oldImageReportJob" />
		</route>
 -->
	

	</camelContext>


</beans>
