<beans xmlns="http://www.springframework.org/schema/beans"
	xmlns:xsi="http://www.w3.org/2001/XMLSchema-instance"
	xsi:schemaLocation="
		http://www.springframework.org/schema/beans 
		http://www.springframework.org/schema/beans/spring-beans-3.2.xsd">

	<import resource="hibernate.cfg.xml" />

	<!-- stored job-meta in database -->
	<bean id="jobRepository"
		class="org.springframework.batch.core.repository.support.JobRepositoryFactoryBean">
		<property name="dataSource" ref="dataSource" />
		<property name="transactionManager" ref="transactionManager" />
		<property name="databaseType" value="oracle" />
		<property name="isolationLevelForCreate" value="ISOLATION_READ_COMMITTED" />
	</bean>

	<bean id="jobRegistry"
		class="org.springframework.batch.core.configuration.support.MapJobRegistry" />

	<bean id="jobRegistryBeanPostProcessor"
		class="org.springframework.batch.core.configuration.support.JobRegistryBeanPostProcessor">
		<property name="jobRegistry" ref="jobRegistry" />
	</bean>

	<bean id="jobOperator"
		class="org.springframework.batch.core.launch.support.SimpleJobOperator">
		<property name="jobRepository" ref="jobRepository" />
		<property name="jobLauncher" ref="jobLauncher" />
		<property name="jobRegistry" ref="jobRegistry" />
		<property name="jobExplorer">
			<bean
				class="org.springframework.batch.core.explore.support.JobExplorerFactoryBean">
				<property name="dataSource" ref="dataSource" />
			</bean>
		</property>
	</bean>

	<bean id="runIdIncrementer"
		class="org.springframework.batch.core.launch.support.RunIdIncrementer" />


	<!-- stored job-meta in memory -->
	<!-- <bean id="jobRepository" class="org.springframework.batch.core.repository.support.MapJobRepositoryFactoryBean"> 
		<property name="transactionManager" ref="transactionManager" /> </bean> -->

	<bean id="jobLauncher"
		class="org.springframework.batch.core.launch.support.SimpleJobLauncher">
		<property name="jobRepository" ref="jobRepository" />
	</bean>

	<bean id="dbtMappingDao" class="com.airtel.money.dao.DbtMappingDao"
		scope="prototype">
		<property name="messageSource" ref="messageSource" />
		<property name="dataSourceReport" ref="dataSource_report" />
		<property name="dataSourceVolt" ref="dataSource_volt" />


	</bean>

	<bean id="taskExecutor"
		class="org.springframework.scheduling.concurrent.ThreadPoolTaskExecutor">
		<property name="corePoolSize" value="${task.exe.core.pool.size}" />
		<property name="maxPoolSize" value="${task.exe.max.pool.size}" />
	</bean>

	<bean id="smsService" class="com.airtel.money.service.SmsService">
		<property name="messageSource" ref="messageSource" />
	</bean>
	<bean id="updateTransactionBean" class="com.airtel.money.processor.UpdateTransactionBean">
		<property name="messageSource" ref="messageSource" />
		<property name="dbtMappingDao" ref="dbtMappingDao" />
	</bean>

	<bean id="emailSender" class="org.springframework.mail.javamail.JavaMailSenderImpl">
		<property name="host" value="${smtp.mail.ip}" />
		<property name="port" value="${smtp.mail.port}" />
		<property name="username" value="" />
		<property name="password" value="" />
		<property name="javaMailProperties">
			<props>
				<prop key="mail.smtp.auth">false</prop>
			</props>
		</property>
	</bean>
	<bean id="sendMailService" class="com.airtel.money.adapter.mail.SendMailService" />
	<bean id="emailMonitoringNotifier"
		class="com.airtel.money.batch.listeners.EmailMonitoringNotifier">
		<property name="messageSource" ref="messageSource" />
		<property name="sendMailService" ref="sendMailService" />
		<property name="mailSender" ref="emailSender" />
	</bean>

	<bean id="monitoringJobListener"
		class="com.airtel.money.batch.listeners.MonitoringExecutionListener">
		<property name="monitoringNotifier" ref="emailMonitoringNotifier" />
	</bean>
	<bean id="util" class="com.airtel.money.util.Utility">
		<property name="apiClient" ref="apiClient" />
		<property name="messageSource2" ref="messageSource" />
	</bean>
	<bean id="globalBeanMap" class="com.airtel.money.bean.GlobalBean">
		<property name="map" ref="singletonMap" />
	</bean>
	<bean id="singletonMap" class="java.util.HashMap" />
	<bean id="apiClient" class="com.airtel.money.util.APIClient">
		<property name="messageSource" ref="messageSource" />
	</bean>

</beans>
