<beans xmlns="http://www.springframework.org/schema/beans"
	xmlns:batch="http://www.springframework.org/schema/batch" xmlns:task="http://www.springframework.org/schema/task"
	xmlns:xsi="http://www.w3.org/2001/XMLSchema-instance"
	xsi:schemaLocation="http://www.springframework.org/schema/batch
		http://www.springframework.org/schema/batch/spring-batch-2.2.xsd
		http://www.springframework.org/schema/beans 
		http://www.springframework.org/schema/beans/spring-beans-3.2.xsd">


	<bean id="etlDbtMappinSyncItemReader" class="com.airtel.money.reader.SyncDbtMappingDetailsBeanReader">
		<property name="delegate" ref="dbtMappingReader" />
	</bean>
	<batch:job id="aadharSeedingJob">
		<batch:step id="step1PopulateDbtBean" next="step2GenerateFlatFile">
			<batch:tasklet ref="dbtMappintTasklet">
			</batch:tasklet>
		</batch:step>
		<batch:step id="step2GenerateFlatFile" next="stepSmtpServer">
			<batch:tasklet task-executor="taskExecutor"
				throttle-limit="20">
				<batch:chunk reader="etlDbtMappinSyncItemReader"
					processor="aadharSeedingProcessor" writer="dbtMappingCompositWriter"
					commit-interval="1000">
				</batch:chunk>
			</batch:tasklet>
		</batch:step>
		<batch:step id="stepSmtpServer">
			<batch:tasklet ref="sendFileToSmtpTasklet">
			</batch:tasklet>
		</batch:step>
	</batch:job>



	<bean id="dbtMappingDataBean" class="com.airtel.money.bean.DbtMappingDataBean" />

	<bean id="dbtMappintTasklet" class="com.airtel.money.tasklet.DbtMappingTasklet"
		scope="step">
		<property name="dbtMappingDao" ref="dbtMappingDao" />
		<property name="dbtMappingDataBean" ref="dbtMappingDataBean" />
		<property name="messageSource" ref="messageSource" />
	</bean>

	<bean id="dbtMappingReader"
		class="org.springframework.batch.item.database.JdbcCursorItemReader">
		<property name="dataSource" ref="dataSource_volt" />
		<!-- <property name="sql" value="select * from DBT_MAPPING_DETAILS where 
			ACTIVATION_STATUS in (${dbt.activation.status}) and created_timestamp &lt; 
			trunc(sysdate) and rownum &lt; 100000 order by created_timestamp"/> -->
		<property name="sql"
			value="select * from DBT_MAPPING_DETAILS where ACTIVATION_STATUS in (${dbt.activation.status}) and mandate_timestamp &gt; trunc(sysdate - 30) and mandate_timestamp &lt; trunc(sysdate) and rownum &lt; 10001 order by created_timestamp" />
		<property name="rowMapper" ref="dbtMappingDetailsRowMapper" />
	</bean>

	<bean id="dbtMappingDetailsRowMapper" class="com.airtel.money.mapper.DbtMappingDetailsBeanMapper" />

	<bean id="aadharSeedingProcessor" class="com.airtel.money.processor.AadharSeedingProcessor">
		<property name="messageSource" ref="messageSource" />
		<property name="dbtMappingDao" ref="dbtMappingDao" />
		<property name="util" ref="util" />
	</bean>

	<bean id="dbtMappingCompositWriter"
		class="org.springframework.batch.item.support.CompositeItemWriter">
		<property name="delegates">
			<list>
				<ref bean="dbtMappingFileWriter" />
				<ref bean="dbtMappingDBWriter" />
			</list>
		</property>
	</bean>

	<bean id="dbtMappingFileWriter" class="org.springframework.batch.item.file.FlatFileItemWriter"
		scope="step">
		<!-- write to this csv file -->
		<property name="resource"
			value="file:${dbt.mapping.data.file.output.location}#{dbtMappingDataBean.getFileName()}" />
		<property name="shouldDeleteIfExists" value="true" />
		<property name="lineAggregator">
			<bean
				class="org.springframework.batch.item.file.transform.DelimitedLineAggregator">
				<property name="delimiter" value="" />
				<property name="fieldExtractor">
					<bean
						class="org.springframework.batch.item.file.transform.BeanWrapperFieldExtractor">
						<property name="names" value="flatFileRow" />
					</bean>
				</property>
			</bean>
		</property>
		<property name="headerCallback" ref="dbtMappingHeaderCallback" />
	</bean>
	<bean id="dbtMappingHeaderCallback" class="com.airtel.money.writer.HeaderWriter"
		scope="step">
		<property name="headerData" value="#{dbtMappingDataBean.getHeader()}" />
	</bean>

	<bean id="dbtMappingDBWriter"
		class="org.springframework.batch.item.database.JdbcBatchItemWriter">
		<property name="dataSource" ref="dataSource_volt" />
		<property name="sql">
			<value>
            <![CDATA[  
            update DBT_MAPPING_DETAILS SET ACTIVATION_STATUS='PROCESSED', MODIFIED_TIME=sysdate  where AADHAR_NUMBER=:refKey
            ]]>
			</value>
		</property>
		<!-- It will take care matching between object property and sql name parameter -->
		<property name="itemSqlParameterSourceProvider">
			<bean
				class="org.springframework.batch.item.database.BeanPropertyItemSqlParameterSourceProvider" />
		</property>
	</bean>

	<bean id="sendFileToSmtpTasklet" class="com.airtel.money.tasklet.SendFileToSmtpTasklet"
		scope="step">
		<property name="sftpChannel" ref="outputChannelAadhaarSeeding" />
		<property name="dbtMappingDataBean" ref="dbtMappingDataBean" />
		<property name="messageSource" ref="messageSource" />
	</bean>

</beans>