<beans xmlns="http://www.springframework.org/schema/beans"
	xmlns:batch="http://www.springframework.org/schema/batch" xmlns:task="http://www.springframework.org/schema/task"
	xmlns:xsi="http://www.w3.org/2001/XMLSchema-instance"
	xsi:schemaLocation="http://www.springframework.org/schema/batch
		http://www.springframework.org/schema/batch/spring-batch-2.2.xsd
		http://www.springframework.org/schema/beans 
		http://www.springframework.org/schema/beans/spring-beans-3.2.xsd">

	<batch:job id="aadhaarVaultJob">
		<batch:step id="clearMemory">
			<batch:tasklet ref="clearMemoryTasklet">
			</batch:tasklet>
		</batch:step>
	</batch:job>


	<bean id="clearMemoryTasklet" class="com.airtel.money.tasklet.ClearMemoryTasklet"
		scope="step">
		<property name="singletonMap" ref="globalBeanMap" />
		<property name="dbtMappingDao" ref="dbtMappingDao" />
		<property name="messageSource" ref="messageSource" />
	</bean>

</beans>
		