<beans xmlns="http://www.springframework.org/schema/beans"
	xmlns:batch="http://www.springframework.org/schema/batch" xmlns:task="http://www.springframework.org/schema/task"
	xmlns:xsi="http://www.w3.org/2001/XMLSchema-instance"
	xsi:schemaLocation="http://www.springframework.org/schema/batch
		http://www.springframework.org/schema/batch/spring-batch-2.2.xsd
		http://www.springframework.org/schema/beans 
		http://www.springframework.org/schema/beans/spring-beans-3.2.xsd">


	<bean id="etlTransactionSyncItemReader" class="com.airtel.money.reader.SyncETLTransactionReader">
		<property name="delegate" ref="multiResourceReader" />
	</bean>
	<batch:job id="dbtTransactionJob">
		<batch:listeners>
			<batch:listener ref="monitoringJobListener" />
		</batch:listeners>
		<batch:step id="step1ReadFileInfo" next="step2dbtTranData">
			<batch:tasklet ref="aadharTransactionTesklet">
			</batch:tasklet>
		</batch:step>
		<batch:step id="step2dbtTranData" next="stepMqEtlTransaction">
			<batch:tasklet task-executor="taskExecutor"
				throttle-limit="20">
				<batch:chunk reader="etlTransactionSyncItemReader"
					processor="dbtTranProcessor" writer="dbtTranCompositeWriter"
					commit-interval="20">
				</batch:chunk>
			</batch:tasklet>
		</batch:step>
		<!-- <batch:step id="stepUnblockCustomer" next="stepMqEtlTransaction"> 
			<batch:tasklet throttle-limit="200"> <batch:chunk reader="blockedCustReader" 
			writer="unblockCustWriter" commit-interval="20"> </batch:chunk> </batch:tasklet> 
			</batch:step> -->
		<batch:step id="stepMqEtlTransaction" next="step3MoveTransactionFileTasklet">
			<batch:tasklet throttle-limit="200">
				<batch:chunk reader="etlMqReader" writer="etlMqCompositeWriter"
					commit-interval="20">
				</batch:chunk>
			</batch:tasklet>
		</batch:step>
		<batch:step id="step3MoveTransactionFileTasklet">
			<batch:tasklet ref="moveTransactionFileTasklet">
			</batch:tasklet>
		</batch:step>
	</batch:job>

	<bean id="aadharTransactionTesklet" class="com.airtel.money.tasklet.AadharTransactionTesklet"
		scope="step">
		<property name="dbtMappingDao" ref="dbtMappingDao" />
		<property name="messageSource" ref="messageSource" />
		<property name="dbtTransactionDataBean" ref="dbtTransactionDataBean" />
	</bean>
	<bean id="dbtTransactionDataBean" class="com.airtel.money.bean.DbtTransactionDataBean" />

	<bean id="multiResourceReader"
		class=" org.springframework.batch.item.file.MultiResourceItemReader"
		scope="step">
		<property name="resources" value="file:${dbt.inward.input.file.locatiion}*.txt" />
		<property name="delegate" ref="dbtTranReader" />
	</bean>

	<bean id="dbtTranReader" class="com.airtel.money.reader.FilenameItemReader">
		<property name="linesToSkip" value="1" />
		<property name="strict" value="false" />
		<property name="recordSeparatorPolicy" ref="debTranRecordSeparatorPolicy" />
		<property name="lineMapper" ref="dbtTranMapper" />
		<property name="dbtTransactionDataBean" ref="dbtTransactionDataBean" />
	</bean>


	<bean id="debTranRecordSeparatorPolicy"
		class="org.springframework.batch.item.file.separator.DefaultRecordSeparatorPolicy" />

	<bean id="dbtTranMapper"
		class="org.springframework.batch.item.file.mapping.DefaultLineMapper">
		<property name="lineTokenizer" ref="dbtTranTokenizer" />
		<property name="fieldSetMapper" ref="dbtTranMapperFieldSetMapper" />
	</bean>

	<bean id="dbtTranTokenizer"
		class="org.springframework.batch.item.file.transform.FixedLengthTokenizer">
		<property name="columns"
			value="1-2,3-11,12-13,14-16,17-31,32-71,72-80,81-87,88-107,108-120,121-133,134-143,144-153,154-155,156-175,176-177,1-177" />
		<property name="names"
			value="apbsTransactionCode,destinationBankIIN,destinationAccountType,ledgerFolioNumber,beneficiaryAadhaarNumber,beneficiaryAccountholderName,sponsorBankIIN,userNumber,userName,userCreditReference,amount,reserved1,reserved2,reserved3,destinationBankAccountNumber,returnReasonCode,inputData" />
	</bean>

	<bean id="dbtTranMapperFieldSetMapper" class="com.airtel.money.mapper.DbtTranMapper">
		<property name="dbtMappingDao" ref="dbtMappingDao" />
	</bean>


	<bean id="dbtTranProcessor" class="com.airtel.money.processor.DbtTransactionProcessor"
		init-method="initIt">
		<property name="messageSource" ref="messageSource" />
		<property name="util" ref="util" />
		<property name="singletonMap" ref="globalBeanMap" />

		<property name="dbtMappingDao" ref="dbtMappingDao" />
	</bean>

	<bean id="dbtTranCompositeWriter" class="com.airtel.money.writer.DbtTransactionWriter">
		<property name="delegate1" ref="dbtTranWriter" />
		<property name="producerTemplate" ref="producerTemplate" />
		<property name="messageSource" ref="messageSource" />
	</bean>
	<bean id="dbtTranWriter"
		class="org.springframework.batch.item.database.JdbcBatchItemWriter">
		<property name="dataSource" ref="dataSource_report" />
		<property name="sql">
			<value>
            <![CDATA[  
            insert into ETL_TRANSACTION (ID,PARTNER_TXN_ID,UC_ID,FROM_ACTOR_ID,TO_ACTOR_MSISDN,AMOUNT,FROM_ACTOR_PARAM1,FROM_ACTOR_PARAM2,FROM_ACTOR_PARAM3,FROM_ACTOR_PARAM4,TO_ACTOR_PARAM1,TO_ACTOR_PARAM2,TO_ACTOR_PARAM3,CREATED_TIMESTAMP,MODIFIED_TIMESTAMP,ETL_SUMMARY_ID,FREE_FIELD_1,FREE_FIELD_2,INPUT_FILENAME,CREATED_CHANNEL,FREE_FIELD_3,FREE_FIELD_10,FREE_FIELD_4,FREE_FIELD_5,STATUS) values(ETL_TRANSACTION_SEQ.nextval, :partnerTxnId, :ucId, :fromActorMsisdn, :toActorMsisdn, :amount, :fromActorParam1, :fromActorParam2, :fromActorParam3, :fromActorParam4, :toActorParam1, :toActorParam2, :toActorParam3, :createdTimestamp, :modifiedTimestamp, :etlSummaryId, :freeField1, :freeField2, :inputFilename, :createdChannel, :apbsTransactionCode,:freeField10,:freeField4,:freeField5,:status)
            ]]>
			</value>
		</property>
		<!-- It will take care matching between object property and sql name parameter -->
		<property name="itemSqlParameterSourceProvider">
			<bean
				class="org.springframework.batch.item.database.BeanPropertyItemSqlParameterSourceProvider" />
		</property>
	</bean>

	<bean id="moveTransactionFileTasklet" class="com.airtel.money.tasklet.MoveTransactionFileTasklet"
		scope="step">
		<property name="dbtMappingDao" ref="dbtMappingDao" />
		<property name="messageSource" ref="messageSource" />
		<property name="dbtTransactionDataBean" ref="dbtTransactionDataBean" />
	</bean>

	<bean id="etlMqReader"
		class="org.springframework.batch.item.database.JdbcCursorItemReader">
		<property name="dataSource" ref="dataSource_report" />
		<property name="sql"
			value="select * from etl_transaction where free_field_5 is null and CREATED_TIMESTAMP >=TRUNC(SYSDATE)  " />
		<property name="rowMapper" ref="etlMQTransactionMapper" />
	</bean>
	<bean id="etlMQTransactionMapper" class="com.airtel.money.mapper.EtlTransactionMapper" />
	<bean id="etlMqCompositeWriter" class="com.airtel.money.writer.DbtTransactionMqWriter">
		<property name="delegate1" ref="etlMqWriter" />
		<property name="producerTemplate" ref="producerTemplate" />
		<property name="messageSource" ref="messageSource" />
	</bean>
	<bean id="etlMqWriter"
		class="org.springframework.batch.item.database.JdbcBatchItemWriter">
		<property name="dataSource" ref="dataSource_report" />
		<property name="sql">
			<value>
            <![CDATA[ 
 		update etl_transaction set free_field_5 = 'SUCCESS' where id=:id

            ]]>
			</value>
		</property>
		<!-- It will take care matching between object property and sql name parameter -->
		<property name="itemSqlParameterSourceProvider">
			<bean
				class="org.springframework.batch.item.database.BeanPropertyItemSqlParameterSourceProvider" />
		</property>
	</bean>

	<bean id="blockedCustReader"
		class="org.springframework.batch.item.database.JdbcCursorItemReader">
		<property name="dataSource" ref="dataSource_report" />
		<property name="sql"
			value="select * from etl_transaction etl,CUSTOMER_MASTER cust where actor_status='Blocked' and etl.etl_summary_id in (select ID from etl_ids where type='INWARD_RETURN' ) and cust.msisdn=substr(etl.to_actor_msisdn,3,10)  " />
		<property name="rowMapper" ref="customerMasterMapper" />
	</bean>
	<bean id="customerMasterMapper" class="com.airtel.money.mapper.CustomerMasterMapper" />

	<bean id="unblockCustWriter" class="com.airtel.money.writer.DbtCustUnblockWriter"
		init-method="initIt">
		<property name="delegate1" ref="unblockCustDBWriter" />
		<property name="messageSource" ref="messageSource" />
		<property name="dbtMappingDao" ref="dbtMappingDao" />
	</bean>

	<bean id="unblockCustDBWriter"
		class="org.springframework.batch.item.database.JdbcBatchItemWriter">
		<property name="dataSource" ref="dataSource_report" />
		<property name="sql">
			<value>
            <![CDATA[ 
 		Insert into DBT_BLOCKED_CUSTOMER (ID,ACTOR_TYPE,MSISDN,RESPONSE,CREATED_TS) 
 		values (DBT_BLOCKED_CUSTOMER_SEQ.nextval,:actorType,:msisdn,:mpinResponse,:createdTs)
            ]]>
			</value>
		</property>
		<!-- It will take care matching between object property and sql name parameter -->
		<property name="itemSqlParameterSourceProvider">
			<bean
				class="org.springframework.batch.item.database.BeanPropertyItemSqlParameterSourceProvider" />
		</property>
	</bean>
</beans>
