<beans xmlns="http://www.springframework.org/schema/beans"
	xmlns:batch="http://www.springframework.org/schema/batch" 
	xmlns:task="http://www.springframework.org/schema/task"
	xmlns:xsi="http://www.w3.org/2001/XMLSchema-instance"
	xsi:schemaLocation="http://www.springframework.org/schema/batch
		http://www.springframework.org/schema/batch/spring-batch-2.2.xsd
		http://www.springframework.org/schema/beans 
		http://www.springframework.org/schema/beans/spring-beans-3.2.xsd">
	  
	
	
  	<batch:job id="dbtReconJob" >  		
		<batch:step id="stepDbtRecon"  >
			<batch:tasklet >
				<batch:chunk reader="dbtReconReader" processor="dbtReconProcessor" writer="dbtReconWriter" 	commit-interval="50"> 
				</batch:chunk>
			</batch:tasklet>
		</batch:step>
	</batch:job>
	
	
	
	<bean id="dbtMappingDataBean" class="com.airtel.money.bean.DbtMappingDataBean"/>

	<bean id="dbtReconReader" class="org.springframework.batch.item.database.JdbcCursorItemReader">
		<property name="dataSource" ref="dataSource_report"/>
		<property name="sql" value="select * from ETL_TRANSACTION where nvl(STATUS,'2') in ('2') and modified_timestamp &lt; sysdate"/>		
		<property name="rowMapper" ref="dbtReconBeanMapper"/>		
	</bean>
	
	<bean id = "dbtReconBeanMapper" class="com.airtel.money.mapper.DbtReconBeanMapper"/>
	
	<bean id="dbtReconProcessor" class="com.airtel.money.processor.DbtReconProcessor">
		<property name="messageSource" ref="messageSource"/>
		<property name="dbtMappingDao" ref="dbtMappingDao"/>
	</bean>
			
	<bean id="dbtReconWriter"
		class="org.springframework.batch.item.database.JdbcBatchItemWriter">
		<property name="dataSource" ref="dataSource_report" />
		<property name="sql">
			<value>
            <![CDATA[  
            update ETL_TRANSACTION set STATUS=:status , RECON_STATUS=:reconStatus , RECON_TIMESTAMP=:reconTimestamp, CORE_TXN_ID=:coreTxnId, ERROR_CODE=:errorCode,  MODIFIED_TIMESTAMP=sysdate where PARTNER_TXN_ID=:partnerTxnId
            ]]>
			</value>
		</property>
		<!-- It will take care matching between object property and sql name parameter -->
		<property name="itemSqlParameterSourceProvider">
			<bean
				class="org.springframework.batch.item.database.BeanPropertyItemSqlParameterSourceProvider" />
		</property>
	</bean>
</beans>