<?xml version="1.0" encoding="UTF-8"?>
<beans xmlns="http://www.springframework.org/schema/beans"
	xmlns:xsi="http://www.w3.org/2001/XMLSchema-instance" xmlns:int="http://www.springframework.org/schema/integration"
	xmlns:int-sftp="http://www.springframework.org/schema/integration/sftp"
	xmlns:batch="http://www.springframework.org/schema/batch" xmlns:util="http://www.springframework.org/schema/util"
	xmlns:beans="http://www.springframework.org/schema/beans"
	xsi:schemaLocation="http://www.springframework.org/schema/beans http://www.springframework.org/schema/beans/spring-beans.xsd
		http://www.springframework.org/schema/integration http://www.springframework.org/schema/integration/spring-integration.xsd
		http://www.springframework.org/schema/integration/sftp http://www.springframework.org/schema/integration/sftp/spring-integration-sftp.xsd
		http://www.springframework.org/schema/util http://www.springframework.org/schema/util/spring-util-3.0.xsd
		http://www.springframework.org/schema/batch
		http://www.springframework.org/schema/batch/spring-batch-2.2.xsd">



	<bean id="sftpSessionFactory"
		class="org.springframework.integration.file.remote.session.CachingSessionFactory">
		<constructor-arg ref="defaultSftpSessionFactory" />
	</bean>

	<bean id="defaultSftpSessionFactory"
		class="org.springframework.integration.sftp.session.DefaultSftpSessionFactory">
		<property name="host" value="${sftp.apbs.dbt.job.host}" />
		<property name="port" value="${sftp.apbs.dbt.job.serverPort}" />
		<property name="user" value="${sftp.apbs.dbt.job.username}" />
		<property name="password" value="${sftp.apbs.dbt.job.password}" />
		<property name="sessionConfig" ref="sessionConfig" />
	</bean>

	<util:properties id="sessionConfig">
		<beans:prop key="StrictHostKeyChecking">no</beans:prop>
	</util:properties>

	<!-- <int-sftp:inbound-channel-adapter id="sftpInbondAdapter" auto-startup="true" 
		channel="receiveChannel" session-factory="sftpSessionFactorytrmt" local-directory="${trmt.sftp.local.directory}" 
		remote-directory="${trmt.sftp.remote.directory}" remote-file-separator="/" 
		auto-create-local-directory="true" delete-remote-files="false" filename-pattern="*.zip"> 
		<int:poller default="true" fixed-rate="1000" max-messages-per-poll="-1" /> 
		</int-sftp:inbound-channel-adapter> -->

	<int-sftp:inbound-channel-adapter id="sftpResponseProfilingInbondAdapter"
		auto-startup="true" channel="receiveChannelResponseProfiling"
		session-factory="sftpSessionFactory" local-directory="${response.profiling.xml.input.dir.path}"
		remote-directory="${response_profiling.sftp.remote.directory}"
		remote-file-separator="/" auto-create-local-directory="true"
		delete-remote-files="true" filename-pattern="*.xml">
		<int:poller default="true" fixed-rate="1000"
			max-messages-per-poll="-1" />
	</int-sftp:inbound-channel-adapter>
	
	
	<int-sftp:inbound-channel-adapter id="sftpDbtTransactionInbondAdapter"
		auto-startup="true" channel="receiveChannelDbtTransaction"
		session-factory="sftpSessionFactory" local-directory="${dbt.inward.input.file.locatiion}"
		remote-directory="${dbt.transaction.sftp.remote.directory}"
		remote-file-separator="/" auto-create-local-directory="true"
		delete-remote-files="true" filename-pattern="*.txt">
		<int:poller default="true" fixed-rate="1000"
			max-messages-per-poll="-1" />
	</int-sftp:inbound-channel-adapter>


	<int-sftp:outbound-channel-adapter id="sftpInwardReturnOutboundAdapter"
		  session-factory="sftpSessionFactory"
		  channel="outputChannel"
		  charset="UTF-8"
		  remote-directory="${dbt.response.file.sftp.remote.directory}"
		  remote-filename-generator="fileNameGenerator" />
	<bean id="fileNameGenerator" class="org.springframework.integration.file.DefaultFileNameGenerator" />
	<int:channel id="outputChannel" />
	
	<int-sftp:outbound-channel-adapter id="sftpAadharSeedingOutboundAdapter"
		  session-factory="sftpSessionFactory"
		  channel="outputChannelAadhaarSeeding"
		  charset="UTF-8"
		  remote-directory="${dbt.aadhaar.seeding.sftp.remote.directory}"
		  remote-filename-generator="fileNameGenerator" />
	<int:channel id="outputChannelAadhaarSeeding" />


	<int:channel id="receiveChannelResponseProfiling">
		<!-- <int:queue /> -->
	</int:channel>
	
	
	
	
	
	
	
	
		<int:channel id="receiveChannelDbtTransaction">
		<!-- <int:queue /> -->
	</int:channel>


	<!-- <int:service-activator input-channel="receiveChannel" ref="inboundFileProcessor"> 
		</int:service-activator> -->

	<int:service-activator input-channel="receiveChannelResponseProfiling"
		ref="inboundFileProcessor">

	</int:service-activator>
	
	<int:service-activator input-channel="receiveChannelDbtTransaction"
		ref="inboundFileProcessorDbt">

	</int:service-activator>
	



	<bean id="inboundFileProcessor" class="com.airtel.money.inboundfile.InboundFileHandler">
		<property name="jobLauncher" ref="jobLauncher" />
		<property name="jobRegistry" ref="jobRegistry" />
		<property name="jobName" value="responseProfilingJob" />
	</bean>
	
		<bean id="inboundFileProcessorDbt" class="com.airtel.money.inboundfile.InboundFileHandler">
		<property name="jobLauncher" ref="jobLauncher" />
		<property name="jobRegistry" ref="jobRegistry" />
		<property name="jobName" value="dbtTransactionJob" />
	</bean>


	

</beans>