<beans xmlns="http://www.springframework.org/schema/beans"
	xmlns:batch="http://www.springframework.org/schema/batch" xmlns:task="http://www.springframework.org/schema/task"
	xmlns:xsi="http://www.w3.org/2001/XMLSchema-instance"
	xsi:schemaLocation="http://www.springframework.org/schema/batch
		http://www.springframework.org/schema/batch/spring-batch-2.2.xsd
		http://www.springframework.org/schema/beans 
		http://www.springframework.org/schema/beans/spring-beans-3.2.xsd">



	<batch:job id="inwardFileJob">
		<batch:step id="stepReconTimout" next="decisionEtlSummary">
			<batch:tasklet>
				<batch:chunk reader="reconEtlTranReader" processor="reconEtlProcessor"
					writer="dbtReconWriter" commit-interval="500">
				</batch:chunk>
			</batch:tasklet>
		</batch:step>
		<batch:decision id="decisionEtlSummary" decider="deciderReadEtlSummary">
			<batch:next on="UNKNOWN" to="inwardCompleted" />
			<batch:next on="COMPLETED" to="stepUpdateTransaction" />
		</batch:decision>
		<batch:step id="stepUpdateTransaction" next="step2TransactionReader">
			<batch:tasklet ref="updateTransactionStatus">
			</batch:tasklet>
		</batch:step>
		<batch:step id="step2TransactionReader" next="decision">
			<batch:tasklet>
				<batch:chunk reader="inwardTranReader" processor="inwardTranProcessor"
					writer="inwardTranCompositWriter" commit-interval="500">
				</batch:chunk>
			</batch:tasklet>
		</batch:step>
		<batch:decision id="decision" decider="deciderIteration">
			<batch:next on="UNKNOWN" to="stepUpdateTransaction" />
			<!-- <batch:next on="COMPLETED" to="stepSendMail" /> -->
			<batch:next on="COMPLETED" to="inwardCompleted" />
		</batch:decision>
		<!-- <batch:step id="stepSendMail" next="stepEmailTasklet"> <batch:tasklet 
			> <batch:chunk reader="etlTranReaderEmail" writer="etlTranWriterEmail" commit-interval="500"> 
			</batch:chunk> </batch:tasklet> </batch:step> <batch:step id="stepEmailTasklet" 
			next="inwardCompleted"> <batch:tasklet ref="sendEmailTasklet"> </batch:tasklet> 
			</batch:step> -->
		<batch:step id="inwardCompleted">
			<batch:tasklet ref="inwardCompletedTasklet">
			</batch:tasklet>
		</batch:step>
	</batch:job>

	<bean id="reconEtlTranReader"
		class="org.springframework.batch.item.database.JdbcCursorItemReader">
		<property name="dataSource" ref="dataSource_report" />
		<property name="sql"
			value="select * from ETL_TRANSACTION where STATUS ='2'" />
		<property name="rowMapper" ref="dbtReconBeanMapper" />
	</bean>
	<bean id="reconEtlProcessor" class="com.airtel.money.processor.EtlSuccessReconProcessor">
		<property name="messageSource" ref="messageSource" />
		<property name="dbtMappingDao" ref="dbtMappingDao" />
	</bean>

	<bean id="deciderReadEtlSummary" class="com.airtel.money.tasklet.ReadEtlSummaryTasklet">
		<property name="messageSource" ref="messageSource" />
		<property name="dbtMappingDao" ref="dbtMappingDao" />
		<property name="inwardFileDataBean" ref="inwardFileDataBean" />
	</bean>
	<bean id="deciderIteration" class="com.airtel.money.tasklet.FlowDecision">
		<property name="messageSource" ref="messageSource" />
		<property name="dbtMappingDao" ref="dbtMappingDao" />
		<property name="inwardFileDataBean" ref="inwardFileDataBean" />
		<property name="sftpChannel" ref="outputChannel" />
	</bean>


	<bean id="sendEmailTasklet" class="com.airtel.money.tasklet.SendEmailTasklet">
		<property name="sendMailService" ref="sendMailService" />
		<property name="mailSender" ref="emailSender" />
		<property name="messageSource" ref="messageSource" />
		<property name="inwardFileDataBean" ref="inwardFileDataBean" />
		<property name="dbtMappingDao" ref="dbtMappingDao" />
	</bean>
	<bean id="inwardCompletedTasklet" class="com.airtel.money.tasklet.InwardCompletedTasklet">

	</bean>
	<bean id="updateTransactionStatus" class="com.airtel.money.tasklet.InwardHeaderTasklet">
		<property name="messageSource" ref="messageSource" />
		<property name="dbtMappingDao" ref="dbtMappingDao" />
		<property name="inwardFileDataBean" ref="inwardFileDataBean" />
	</bean>

	<bean id="inwardFileDataBean" class="com.airtel.money.bean.InwardFileDataBean" />

	<bean id="inwardTranReader"
		class="org.springframework.batch.item.database.JdbcCursorItemReader">
		<property name="dataSource" ref="dataSource_report" />
		<property name="sql"
			value="select * from ETL_TRANSACTION where  etl_summary_id=?" />
		<property name="preparedStatementSetter">
			<bean class="com.airtel.money.mapper.ParameterSetter" scope="step">
				<constructor-arg value="#{inwardFileDataBean.getEtlSummaryId()}" />
			</bean>
		</property>

		<property name="rowMapper" ref="inwardFileMapper" />
	</bean>

	<bean id="inwardFileMapper" class="com.airtel.money.mapper.InwardFileMapper">
		<property name="singletonMap" ref="globalBeanMap" />
		<property name="util" ref="util" />
	</bean>

	<bean id="inwardTranProcessor" class="com.airtel.money.processor.InwarFileProcessor"
		init-method="initIt">
		<property name="messageSource" ref="messageSource" />
		<property name="dbtMappingDao" ref="dbtMappingDao" />
		<property name="inwardFileDataBean" ref="inwardFileDataBean" />
	</bean>


	<bean id="inwardTranCompositWriter"
		class="org.springframework.batch.item.support.CompositeItemWriter">
		<property name="delegates">
			<list>
				<ref bean="inwardFileWriter" />
				<ref bean="inwardDBWriter" />
			</list>
		</property>
	</bean>

	<bean id="inwardFileWriter" class="org.springframework.batch.item.file.FlatFileItemWriter"
		scope="step">
		<!-- write to this csv file -->
		<property name="resource"
			value="file:${dbt.inward.output.file.location}#{inwardFileDataBean.getFileName()}" />
		<property name="shouldDeleteIfExists" value="true" />
		<property name="lineAggregator">
			<bean
				class="org.springframework.batch.item.file.transform.DelimitedLineAggregator">
				<property name="delimiter" value="" />
				<property name="fieldExtractor">
					<bean
						class="org.springframework.batch.item.file.transform.BeanWrapperFieldExtractor">
						<property name="names" value="flatFileRow" />
					</bean>
				</property>
			</bean>
		</property>
		<property name="headerCallback" ref="inwardHeaderWriter" />
	</bean>
	<bean id="inwardHeaderWriter" class="com.airtel.money.writer.HeaderWriter"
		scope="step">
		<property name="headerData" value="#{inwardFileDataBean.getHeader()}" />
	</bean>

	<bean id="inwardDBWriter"
		class="org.springframework.batch.item.database.JdbcBatchItemWriter">
		<property name="dataSource" ref="dataSource_report" />
		<property name="sql">
			<value>
            <![CDATA[  
            update ETL_TRANSACTION set  FREE_FIELD_1='SENT_TO_NPCI', RECON_STATUS=:reconStatus , RECON_TIMESTAMP=:reconTimestamp , STATUS=:status, MODIFIED_TIMESTAMP=sysdate, OUTPUT_FILENAME=:outputFileName where ID=:id
            ]]>
			</value>
		</property>
		<!-- It will take care matching between object property and sql name parameter -->
		<property name="itemSqlParameterSourceProvider">
			<bean
				class="org.springframework.batch.item.database.BeanPropertyItemSqlParameterSourceProvider" />
		</property>
	</bean>

	<bean id="etlTranReaderEmail"
		class="org.springframework.batch.item.database.JdbcCursorItemReader">
		<property name="dataSource" ref="dataSource_report" />
		<property name="sql"
			value="select * from ETL_TRANSACTION where etl_summary_id in (select id from ETL_IDS where type='DBT_TRANSACTION') and status=0" />
		<property name="rowMapper" ref="etlTransactionMapper" />
	</bean>
	<bean id="etlTransactionMapper" class="com.airtel.money.mapper.EtlTransactionMapper" />

	<bean id="etlTranWriterEmail" class="org.springframework.batch.item.file.FlatFileItemWriter"
		scope="step">
		<!-- write to this csv file -->
		<property name="resource"
			value="file:${dbt.credit.file.location}#{inwardFileDataBean.getDbtCreditFileName()}" />
		<property name="shouldDeleteIfExists" value="true" />
		<property name="lineAggregator">
			<bean
				class="org.springframework.batch.item.file.transform.DelimitedLineAggregator">
				<property name="delimiter" value="," />
				<property name="fieldExtractor">
					<bean
						class="org.springframework.batch.item.file.transform.BeanWrapperFieldExtractor">
						<property name="names" value="toActorMsisdn" />
					</bean>
				</property>
			</bean>
		</property>
		<property name="headerCallback" ref="dataHeaderCallbackDbtCredit" />
	</bean>
	<bean id="dataHeaderCallbackDbtCredit" class="com.airtel.money.writer.HeaderWriter"
		scope="step">
		<property name="headerData" value="MSISDN" />
	</bean>
</beans>
