<beans xmlns="http://www.springframework.org/schema/beans"
	xmlns:batch="http://www.springframework.org/schema/batch" xmlns:task="http://www.springframework.org/schema/task"
	xmlns:xsi="http://www.w3.org/2001/XMLSchema-instance"
	xsi:schemaLocation="http://www.springframework.org/schema/batch
		http://www.springframework.org/schema/batch/spring-batch-2.2.xsd
		http://www.springframework.org/schema/beans 
		http://www.springframework.org/schema/beans/spring-beans-3.2.xsd">

	<batch:job id="responseProfilingJob">
		<batch:step id="step1ParseXML" next="step2ResponseProfiling">
			<batch:tasklet ref="dbtMappinXMLTasklet">
			</batch:tasklet>
		</batch:step>
		<batch:step id="step2ResponseProfiling" next="sendSmsStep">
			<batch:tasklet>
				<batch:chunk reader="dbtXmlSyncItemReader" processor="responseProfilingProcessor"
					writer="responseProfilingWriter" commit-interval="1000">
				</batch:chunk>
			</batch:tasklet>
		</batch:step>
		<batch:step id="sendSmsStep" next="moveDataFilesStep">
			<batch:tasklet task-executor="taskExecutor"
				throttle-limit="20">
				<batch:chunk reader="respSmsDataSyncItemReader"
					processor="respSendSmsProcessor" writer="respSmsWriter"
					commit-interval="1000">
				</batch:chunk>
			</batch:tasklet>
		</batch:step>
		<batch:step id="moveDataFilesStep" next="truncateTableStep">
			<batch:tasklet ref="moveDataFileTasklset" />
		</batch:step>
		<batch:step id="truncateTableStep">
			<batch:tasklet ref="truncateTableTasklet" />
		</batch:step>
	</batch:job>

	<bean id="dbtXmlSyncItemReader" class="com.airtel.money.reader.DbtXmlSyncItemReader">
		<property name="delegate" ref="dbtXmlReader" />
	</bean>
	<bean id="dbtMappinXMLTasklet" class="com.airtel.money.tasklet.AadharXmlToDB"
		scope="step">
		<property name="dbtMappingDao" ref="dbtMappingDao" />
		<property name="dbtMappingDataBean" ref="dbtMappingDataBean" />
		<property name="messageSource" ref="messageSource" />
		<property name="util" ref="util" />

	</bean>
	<bean id="truncateTableTasklet" class="com.airtel.money.tasklet.TruncateTableTasklet"
		scope="step">
		<property name="dbtMappingDao" ref="dbtMappingDao" />
	</bean>


	<bean id="dbtXmlReader"
		class="org.springframework.batch.item.database.JdbcCursorItemReader">
		<property name="dataSource" ref="dataSource_volt" />
		<property name="sql" value="SELECT * from DBT_XML_DATA" />

		<property name="rowMapper" ref="xmlResponseMapper" />
	</bean>
	<bean id="xmlResponseMapper" class="com.airtel.money.mapper.XMLResponseMapper" />

	<bean id="responseProfilingProcessor" class="com.airtel.money.processor.ResponseProfilingProcessor">
		<property name="dao" ref="dbtMappingDao" />

	</bean>

	<bean id="responseProfilingWriter" class="com.airtel.money.writer.SolaceMqCompositeWriter">

		<property name="jmsWriter" ref="jmsWriter" />
		<property name="dbtMappingDetailsWriter" ref="dbtMappingDetailsWriter" />


	</bean>

	<bean id="jmsWriter" class="org.springframework.batch.item.jms.JmsItemWriter">
		<property name="jmsTemplate" ref="jmsTemplateSolace" />
	</bean>

	<!-- <bean id="customerMasterDataWriter" class="org.springframework.batch.item.database.JdbcBatchItemWriter"> 
		<property name="dataSource" ref="dataSource_volt" /> <property name="sql"> 
		<value> <![CDATA[ update CUSTOMER_MASTER_DATA set CUSTOM_COL_10 = :status, 
		modified_datetime=current_timestamp where AADHAAR_ID=:aadharNo ]]> </value> 
		</property> It will take care matching between object property and sql name 
		parameter <property name="itemSqlParameterSourceProvider"> <bean class="org.springframework.batch.item.database.BeanPropertyItemSqlParameterSourceProvider" 
		/> </property> </bean> -->

	<bean id="dbtMappingDetailsWriter"
		class="org.springframework.batch.item.database.JdbcBatchItemWriter">
		<property name="dataSource" ref="dataSource_volt" />
		<property name="sql">
			<value>
            <![CDATA[  
            UPDATE DBT_MAPPING_DETAILS SET DBT_STATUS = :status, UID_REASON_CODE=:uidReasonCode, UID_RESULT=:uidResult, modified_time=current_timestamp WHERE AADHAR_NUMBER=:aadharNo
            ]]>
			</value>
		</property>
		<!-- It will take care matching between object property and sql name parameter -->
		<property name="itemSqlParameterSourceProvider">
			<bean
				class="org.springframework.batch.item.database.BeanPropertyItemSqlParameterSourceProvider" />
		</property>
	</bean>


	<bean id="moveDataFileTasklset" class="com.airtel.money.tasklet.MoveDataFileTasklset">
		<property name="messageSource" ref="messageSource" />
		<property name="dbtMappingDao" ref="dbtMappingDao" />
		<property name="smsService" ref="smsService" />
	</bean>

	<bean id="respSmsDataSyncItemReader" class="com.airtel.money.reader.RespSmsDataSyncItemReader">
		<property name="delegate" ref="respSmsDataReader" />
	</bean>
	<bean id="respSmsDataReader"
		class="org.springframework.batch.item.database.JdbcCursorItemReader">
		<property name="dataSource" ref="dataSource_volt" />
		<property name="sql"
			value="select * from DBT_MAPPING_DETAILS dm join DBT_XML_DATA dx on dm.AADHAR_NUMBER=dx.AADHAAR_NO where AADHAR_NUMBER in(select AADHAAR_NO from DBT_XML_DATA)" />

		<property name="rowMapper" ref="dbtMappingDetailsBeanMapper" />
	</bean>

	<bean id="dbtMappingDetailsBeanMapper" class="com.airtel.money.mapper.DbtResponseProfilingMapper" />

	<bean id="respSendSmsProcessor" class="com.airtel.money.processor.RespSendSmsProcessor">
		<property name="messageSource" ref="messageSource" />
		<property name="smsService" ref="smsService" />
	</bean>

	<bean id="respSmsWriter"
		class="org.springframework.batch.item.database.JdbcBatchItemWriter">
		<property name="dataSource" ref="dataSource_report" />
		<property name="sql">
			<value>
            <![CDATA[  
            Insert into DBT_RESPONSE_SMS (ID,MSISDN,SMS_TXT,CREATED_TS, AADHAAR_NO,MAPPED_IIN,SCHEME,MANDATE_CUST_DATE,MAPPING_STATUS,UID_REASON_CODE,UID_RESULT,ACCEPTED, SMS_STATUS) 
            values (DBT_RESPONSE_SMS_SEQ.nextval,:custMsisdn,:smsTxt,sysdate, :refKey, :mapperIIN,  :scheme, :mandateTimestamp, :mappingStatus, :uidReasonCode, :uidResult, :accepted, :smsStatus )
            
            ]]>
			</value>
		</property>
		<!-- It will take care matching between object property and sql name parameter -->
		<property name="itemSqlParameterSourceProvider">
			<bean
				class="org.springframework.batch.item.database.BeanPropertyItemSqlParameterSourceProvider" />
		</property>
	</bean>


</beans>
