<beans xmlns="http://www.springframework.org/schema/beans"
	xmlns:batch="http://www.springframework.org/schema/batch" xmlns:task="http://www.springframework.org/schema/task"
	xmlns:xsi="http://www.w3.org/2001/XMLSchema-instance"
	xsi:schemaLocation="http://www.springframework.org/schema/batch
		http://www.springframework.org/schema/batch/spring-batch-2.2.xsd
		http://www.springframework.org/schema/beans 
		http://www.springframework.org/schema/beans/spring-beans-3.2.xsd">


	<bean id="successTransactionSyncItemReader" class="com.airtel.money.reader.SyncSuccessPayoutReader">
		<property name="delegate" ref="successPayoutReader" />
	</bean>

<!-- 	<bean id="latLongSyncDbReader" class="com.airtel.money.reader.SyncSuccessPayoutReader">
		<property name="delegate" ref="latLongDbReader" />
	</bean> -->
	<batch:job id="fetchNearestRetailerJob">
		<batch:listeners>
			<batch:listener ref="monitoringJobListener" />
		</batch:listeners>
		<batch:step id="step1ReadSuccessPayoutInfo">
			<batch:tasklet task-executor="taskExecutor"
				throttle-limit="20">
				<batch:chunk reader="successTransactionSyncItemReader"
					writer="retailerInfoWriter" commit-interval="1000">
				</batch:chunk>
			</batch:tasklet>
		</batch:step>
		<!-- -->
	<!-- 	<batch:step id="step2DumpRetailerInfo" next="step3MoveSuccessPayoutFileTasklet">
			<batch:tasklet task-executor="taskExecutor"
				throttle-limit="20">
				<batch:chunk reader="latLongSyncDbReader" processor="latLongProcessor"
					writer="retailerInfoWriter" commit-interval="1000">
				</batch:chunk>
			</batch:tasklet>
		</batch:step> -->
	</batch:job>




	<bean id="successPayoutReader" class="org.springframework.batch.item.database.JdbcCursorItemReader">
		<property name="dataSource" ref="dataSource_report"/>
		<property name="sql" value=" ${dbt.fetch.retailers.query}"/>	
		<property name="rowMapper" ref="successPayoutMapper"/>
		<property name="preparedStatementSetter">
			<bean class="com.airtel.money.mapper.ParameterSetterSMS" scope="step">
				<property name="tranDate" value="#{jobParameters['tranDate']}" />
			</bean>
		</property>		
	</bean>

<!-- 	<bean id="successTransactionDbWriter"
		class="org.springframework.batch.item.database.JdbcBatchItemWriter">
		<property name="dataSource" ref="dataSource_report" />
		<property name="sql">
			<value>
            <![CDATA[  
            insert into SUCCESS_PAYOUT_MESSAGE (ID,MSISDN,SITE_ID,SMS_STATUS,CREATED_TS,MODIFIED_TS ) values(APBS_SMS_CALL_SEQ.nextval,:msisdn,:siteId,'PENDING',sysdate,sysdate)
            ]]>
			</value>
		</property>
		It will take care matching between object property and sql name parameter
		<property name="itemSqlParameterSourceProvider">
			<bean
				class="org.springframework.batch.item.database.BeanPropertyItemSqlParameterSourceProvider" />
		</property>
	</bean>
	 -->


	<bean id="successPayoutMapper" class="com.airtel.money.mapper.SuccessPayoutMapper" />




	<bean id="retailerInfoWriter" class="com.airtel.money.writer.RetailerInfoWriter"
		scope="step">
		<property name="messageSource" ref="messageSource" />
		<property name="delegate" ref="dbupdateWriter" />
		<property name="smsService" ref="smsService" />
	</bean>



	<bean id="dbupdateWriter"
		class="org.springframework.batch.item.database.JdbcBatchItemWriter">
		<property name="dataSource" ref="dataSource_report" />
		<property name="sql">
			<value>
            <![CDATA[  
            ${dbt.insert.retailer.sms.query}			            	
            ]]>
			</value>
		</property>
	<!-- 	It will take care matching between object property and sql name parameter -->
		<property name="itemSqlParameterSourceProvider">
			<bean
				class="org.springframework.batch.item.database.BeanPropertyItemSqlParameterSourceProvider" />
		</property>
	</bean>






</beans>