<?xml version="1.0" encoding="UTF-8"?>
<Configuration monitorInterval="60">

	<Properties>
		<Property name="LOG_PATTERN"
			value="%d [%thread] [%-5level]  [%c{1.}] - %msg%n" />
		<Property name="LOG_PATTERN_KIBANA"
			value="%d [%thread] [%-5level] [%c{1.}] - %msg%n" />
		<!-- <Property name="LOG_DIR" value="${sys:sanity.logpath}" /> -->
		<Property name="LOG_DIR" value="D:\\OPI-SANITY-TOOL\\logs" />
		<Property name="MSG_FILE" value="sanity-msg.log" />
		<Property name="ERR_FILE" value="sanity-err.log" />
	</Properties>
	
	<Appenders>
		<Console name="ConsoleAppender" target="SYSTEM_OUT"
			follow="true">
			<RegexFilter regex=".*url.*|.*code.*|.*method.*" onMatch="ACCEPT" onMismatch="DENY" />
			<PatternLayout pattern="${LOG_PATTERN}" />
		</Console>

		<RollingFile name="FileAppender"
			fileName="${LOG_DIR}/${MSG_FILE}"
			filePattern="${LOG_DIR}/${MSG_FILE}-%d{yyyy-MM-dd}-%i.log">
			<RegexFilter regex="ERR.*|.*Exception.*" onMatch="DENY" onMismatch="ACCEPT" />
			<PatternLayout>
				<Pattern>${LOG_PATTERN}</Pattern>
			</PatternLayout>
			<Policies>
				<SizeBasedTriggeringPolicy size="10MB" />
			</Policies>
			<DefaultRolloverStrategy max="100" />
		</RollingFile>
		
		<RollingFile name="ErrorFileAppender"
			fileName="${LOG_DIR}/${ERR_FILE}"
			filePattern="${LOG_DIR}/${ERR_FILE}-%d{yyyy-MM-dd}-%i.log">
			<PatternLayout>
				<Pattern>${LOG_PATTERN}</Pattern>
			</PatternLayout>
			<Policies>
				<SizeBasedTriggeringPolicy size="10MB" />
			</Policies>
			<DefaultRolloverStrategy max="100" />
		</RollingFile>
	</Appenders>

	<Loggers>
		<Root level="info">
			<AppenderRef ref="ConsoleAppender" />
			<AppenderRef ref="FileAppender"/>
			<AppenderRef ref="ErrorFileAppender" level="error" />
		</Root>
	</Loggers>
</Configuration>