<?xml version="1.0" encoding="UTF-8"?>

<beans xmlns="http://www.springframework.org/schema/beans"
	xmlns:camel="http://camel.apache.org/schema/spring"
	xmlns:xsi="http://www.w3.org/2001/XMLSchema-instance" xmlns:context="http://www.springframework.org/schema/context"
	xsi:schemaLocation="http://www.springframework.org/schema/beans http://www.springframework.org/schema/beans/spring-beans.xsd
		http://www.springframework.org/schema/context http://www.springframework.org/schema/context/spring-context.xsd
		http://camel.apache.org/schema/spring http://camel.apache.org/schema/spring/camel-spring.xsd">

	
	<import resource="spring/batch/config/context.xml" />
	
	
	<import resource="spring/batch/jobs/aadhar-seeding-job.xml" />
	<import resource="spring/batch/jobs/response-profiling-job.xml" />
	<import resource="spring/batch/jobs/dbt-transaction-job.xml"/>
	<import resource="spring/batch/jobs/inward-file-job.xml"/>
	<import resource="spring/batch/jobs/dbt-recon-job.xml"/>
	<import resource="spring/batch/jobs/send-retailer-info-job.xml"/>
	<import resource="spring/batch/jobs/DbtFilePollerContext.xml"/>
	<import resource="spring/batch/jobs/aadhaar-vault-data-reset-job.xml"/>
	
	
	
	
	<bean id="messageSource"
		class="org.springframework.context.support.ReloadableResourceBundleMessageSource">
		<property name="basenames">
			<list>
				
				 <value>file:C:/Users/A1HKBZXG/git/apbs_dbt_batch_aadhar_vault/APBS_DBT_Batch/src/main/resources/batch</value>
				<!-- <value>file:batch</value> -->
			</list>
		</property>
	</bean>
	
	<bean id="jmsConnectionFactory" class="org.apache.activemq.ActiveMQConnectionFactory">
			<property name="brokerURL" value="${volt.active.mq.url}" />
			<property name="userName" value="${volt.active.mq.user.name}"/>
            <property name="password" value="${volt.active.mq.password}"/> 
		</bean>
		<bean id="pooledConnectionFactory" class="org.apache.activemq.pool.PooledConnectionFactory"
			init-method="start" destroy-method="stop">
			<property name="maxConnections" value="8" />
			<property name="connectionFactory" ref="jmsConnectionFactory" />
		</bean>
	
		<bean id="jmsTemplate" class="org.springframework.jms.core.JmsTemplate">
			<property name="connectionFactory" ref="pooledConnectionFactory" />
		</bean> 
		
		
		<bean id="solaceJndiTemplate" class="org.springframework.jndi.JndiTemplate" lazy-init="default" autowire="default">
		<property name="environment">
			<map>
				<entry key="java.naming.provider.url" value="${solace.queue.url}" />
				<entry key="java.naming.factory.initial" value="com.solacesystems.jndi.SolJNDIInitialContextFactory" />
				<entry key="java.naming.security.principal" value="${solace.queue.username}" />
				<entry key="java.naming.security.credentials" value="${solace.queue.password}" />
				<entry key="Solace_JMS_VPN" value="${solace.queue.vpn}" />
			</map>
		</property>
	</bean>
 
	<bean id="solaceConnectionFactory" class="org.springframework.jndi.JndiObjectFactoryBean" lazy-init="default" autowire="default">
		<property name="jndiTemplate" ref="solaceJndiTemplate" />
		<property name="jndiName" value="${solace.queue.factory}" />
	</bean>
 
	<bean id="solaceCachedConnectionFactory" class="org.springframework.jms.connection.CachingConnectionFactory">
		<property name="targetConnectionFactory" ref="solaceConnectionFactory" />
		<property name="sessionCacheSize" value="10" />
	</bean>
	
	<bean id="destination" class="org.springframework.jndi.JndiObjectFactoryBean">
		<property name="jndiTemplate" ref="solaceJndiTemplate" />
		<property name="jndiName" value="${solace.queue.jndi.destination}" />
	</bean>
	
	<bean id="jmsTemplateSolace" class="org.springframework.jms.core.JmsTemplate">
		<property name="connectionFactory" ref="solaceCachedConnectionFactory" />
		<property name="defaultDestination" ref="destination" />
		<property name="deliveryPersistent" value="true" />
		<property name="explicitQosEnabled" value="true" />
	</bean>
		
<!-- 	 <context:property-placeholder location="file:batch.properties" />  -->
	<context:property-placeholder 	location="file:C:/Users/A1HKBZXG/git/apbs_dbt_batch_aadhar_vault/APBS_DBT_Batch/src/main/resources/batch.properties" /> 

	<camelContext xmlns="http://camel.apache.org/schema/spring">
 <propertyPlaceholder id="properties" location="file:C:/Users/A1HKBZXG/git/apbs_dbt_batch_aadhar_vault/APBS_DBT_Batch/src/main/resources/batch.properties" /> 
	<!-- 	<propertyPlaceholder id="properties" location="file:batch.properties"/>  -->

		<camel:template id="producerTemplate" />
		
		<dataFormats>
			<!-- <xmljson id="xmljson"/> -->
			<xmljson id="xmljson" forceTopLevelObject="true" trimSpaces="true"
				rootName="newRoot" skipNamespaces="true" removeNamespacePrefixes="true"
				expandableProperties="d e" />
		</dataFormats>

		<onException>
			<exception>java.lang.RuntimeException</exception>
			<handled>
				<constant>true</constant>
			</handled>
			<log loggingLevel="ERROR"
				message="Runtime Exception occured : ${exception.stacktrace}" />
		</onException>


		<onException>
			<exception>java.lang.Exception</exception>
			<handled>
				<constant>true</constant>
			</handled>

			<log loggingLevel="ERROR" message="Exception occured : ${exception.message}" />
		</onException>

		<intercept>
			<to uri="log:batch?level=INFO&amp;showHeaders=true" />
		</intercept>

		 
		
		<!-- <route>
			<from uri="direct:testQueue" />
			<log message="Route message from in queue to out queue with data ${body}" />
			<to uri="activemq:queue:doTxnQueue_staging" pattern="InOnly"/>
		</route> -->
		
<!-- 		<route>
              <from uri="activemq:queue:{{apbs.etl.transaction.update.mq.name}}?concurrentConsumers={{config.activeMq.SMSQueueThreads}}" />
              <log message="Send sms to Distributor for Provisioning" />
              <bean ref="updateTransactionBean" method="updateTransaction" />
        </route> -->
		
			
		<route id="MyBatch">

			<from uri="jetty:http://0.0.0.0:{{port}}/batch/performOperation" />
			<log message="Got request to perform operation for ${header.operationName}" />

			<choice>
				<!-- <when> -->
				<!-- <simple>${header.operationName} == 'runVodaReport'</simple> -->
				<!-- <to uri="direct:vodaReconReport"/> -->
				<!-- </when> -->
				<!-- <when> -->
				<!-- <simple>${header.operationName} == 'testReport'</simple> -->
				<!-- <to uri="direct:testReport"/> -->
				<!-- </when> -->

				<when>
					<simple>${header.operationName} == 'runAadharSeedingJob'</simple>
					<to uri="direct:aadharSeedingJob" />
				</when>
				<when>
					<simple>${header.operationName} == 'runResponseProfilingJob'</simple>
					<to uri="direct:responseProfilingJob" />
				</when>
				
				<when>
					<simple>${header.operationName} == 'runDbtTransactionJob'</simple>
					<to uri="direct:dbtTransactionJob" />
				</when>
				<when>
					<simple>${header.operationName} == 'runInwardFileJob'</simple>
					<to uri="direct:inwardFileJob" />
				</when>
				<when>
					<simple>${header.operationName} == 'runDbtReconJob'</simple>
					<to uri="direct:dbtReconJob" />
				</when>
				<when>
					<simple>${header.operationName} == 'runSendSmsJob'</simple>
					<to uri="direct:fetchNearestRetailerJob" />
				</when>
					<when>
					<simple>${header.operationName} == 'runMemoryClearJob'</simple>
					<to uri="direct:aadhaarVaultJob" />
				</when>
				
				
				<otherwise>
					<transform>
						<constant>Either operation name has not been passed or operation
							name is invalid.
						</constant>
					</transform>
				</otherwise>
			</choice>
		</route>


		

		<route>
			<from uri="direct:aadhaarVaultJob" />
			<to uri="spring-batch:aadhaarVaultJob" />
		</route>
		<route>
			<from uri="direct:aadharSeedingJob" />
			<to uri="spring-batch:aadharSeedingJob" />
		</route>
		<route>
			<from uri="direct:responseProfilingJob" />
			<to uri="spring-batch:responseProfilingJob" />
		</route>
		<route>
			<from uri="direct:dbtTransactionJob" />
			<to uri="spring-batch:dbtTransactionJob" />
		</route>
		<route>
			<from uri="direct:inwardFileJob" />
			<to uri="spring-batch:inwardFileJob" />
		</route>
		
		<route>
			<from uri="direct:dbtReconJob" />
			<to uri="spring-batch:dbtReconJob" />
		</route>
		
		<route>
			<from uri="direct:fetchNearestRetailerJob" />
			<choice>
				<when>
					<simple>${header.tranDate} contains &#39;-&#39;</simple>
				</when>
				<otherwise>
					<setHeader headerName="tranDate">
						<simple>${date:now:yyyy-MM-dd}</simple>
					</setHeader>
				</otherwise>
			</choice>

			<log message="Transaction Date : ${header.tranDate}" />
			<to uri="spring-batch:fetchNearestRetailerJob" />
		</route>

		
		<route id="aadharSeedingJobSch">
			<from uri="quartz://aadharSeedingJob?cron={{aadhar.dbt.file.generation.cron}}" />
			<to uri="direct:aadharSeedingJob" />
		</route>
		
		<route id="responseProfilingJobSch">
			<from uri="quartz://responseProfilingJob?cron={{response.profiling.cron}}" />
			<to uri="direct:responseProfilingJob" />
		</route>
		
		<route id="dbtTransactionJobSch">
			<from uri="quartz://dbtTransactionJob?cron={{dbt.transaction.cron}}" />
			<to uri="direct:dbtTransactionJob" />
		</route>
		
		<route id="inwardFileJobSch">
			<from uri="quartz://inwardFileJob?cron={{update.transaction.cron}}" />
			<to uri="direct:inwardFileJob" />
		</route>
		
		<route id="dbtReconJobSch">
			<from uri="quartz://dbtReconJob?cron={{dbt.recon.cron}}" />
			<to uri="direct:dbtReconJob" />
		</route> 
		
		<route id="fetchNearestRetailerJobSch">
			<from uri="quartz://fetchNearestRetailerJob?cron={{success.payout.sms.cron}}" />
			<to uri="direct:fetchNearestRetailerJob" />
		</route>
		
		<route id="aadhaarVaultJobSch">
			<from uri="quartz://aadhaarVaultJobJob?cron={{dbt.memory.clear.job.cron}}" />
			<to uri="direct:aadhaarVaultJob" />
		</route>
		
		
	</camelContext>


</beans>
