<?xml version="1.0" encoding="UTF-8"?>
<beans xmlns="http://www.springframework.org/schema/beans"
	xmlns:xsi="http://www.w3.org/2001/XMLSchema-instance" xmlns:int="http://www.springframework.org/schema/integration"
	xmlns:int-sftp="http://www.springframework.org/schema/integration/sftp"
	xmlns:batch="http://www.springframework.org/schema/batch" xmlns:util="http://www.springframework.org/schema/util"
	xmlns:beans="http://www.springframework.org/schema/beans"
	xsi:schemaLocation="http://www.springframework.org/schema/beans http://www.springframework.org/schema/beans/spring-beans.xsd
		http://www.springframework.org/schema/integration http://www.springframework.org/schema/integration/spring-integration.xsd
		http://www.springframework.org/schema/integration/sftp http://www.springframework.org/schema/integration/sftp/spring-integration-sftp.xsd
		http://www.springframework.org/schema/util http://www.springframework.org/schema/util/spring-util-3.0.xsd
		http://www.springframework.org/schema/batch
		http://www.springframework.org/schema/batch/spring-batch-2.2.xsd">



	<bean id="sftpSessionFactory"
		class="org.springframework.integration.file.remote.session.CachingSessionFactory">
		<constructor-arg ref="defaultSftpSessionFactory" />
	</bean>

	<bean id="defaultSftpSessionFactory"
		class="org.springframework.integration.sftp.session.DefaultSftpSessionFactory">
		<property name="host" value="${sftp.mastercard.job.host}" />
		<property name="port" value="${sftp.mastercard.job.serverPort}" />
		<property name="user" value="${sftp.mastercard.job.username}" />
		<property name="password" value="${sftp.mastercard.job.password}" />
		<property name="sessionConfig" ref="sessionConfig" />
	</bean>

	<util:properties id="sessionConfig">
		<beans:prop key="StrictHostKeyChecking">no</beans:prop>
	</util:properties>

	<!-- <int-sftp:inbound-channel-adapter id="sftpInbondAdapter" auto-startup="true" 
		channel="receiveChannel" session-factory="sftpSessionFactorytrmt" local-directory="${trmt.sftp.local.directory}" 
		remote-directory="${trmt.sftp.remote.directory}" remote-file-separator="/" 
		auto-create-local-directory="true" delete-remote-files="false" filename-pattern="*.zip"> 
		<int:poller default="true" fixed-rate="1000" max-messages-per-poll="-1" /> 
		</int-sftp:inbound-channel-adapter> -->

	<int-sftp:inbound-channel-adapter id="sftpResponseProfilingInbondAdapter"
		auto-startup="true" channel="receiveChannelMasterCard"
		session-factory="sftpSessionFactory" local-directory="${master.card.closure.input.dir.path}"
		remote-directory="${master.card.closure.sftp.remote.directory}"
		remote-file-separator="/" auto-create-local-directory="true"
		delete-remote-files="true" filename-pattern="*.csv">
		<int:poller default="true" fixed-rate="1000"
			max-messages-per-poll="-1" />
	</int-sftp:inbound-channel-adapter>
	
	
	<int-sftp:inbound-channel-adapter id="sftpRefundInbondAdapter"
		auto-startup="true" channel="receiveChannelRefund"
		session-factory="sftpSessionFactory" local-directory="${refund.api.input.file.location}"
		remote-directory="${refund.api.input.sftp.remote.directory}"
		remote-file-separator="/" auto-create-local-directory="true"
		delete-remote-files="true" filename-pattern="*.csv">
		<int:poller default="true" fixed-rate="1000"
			max-messages-per-poll="-1" />
	</int-sftp:inbound-channel-adapter>
	





	<int:channel id="receiveChannelMasterCard">
		<!-- <int:queue /> -->
	</int:channel>
	
	
	<int:channel id="receiveChannelRefund">
		<!-- <int:queue /> -->
	</int:channel>
	
	
	
	
	
	
	
	
		

	<!-- <int:service-activator input-channel="receiveChannel" ref="inboundFileProcessor"> 
		</int:service-activator> -->

	<int:service-activator input-channel="receiveChannelMasterCard"
		ref="inboundFileProcessor">

	</int:service-activator>
	

	<int:service-activator input-channel="receiveChannelRefund"
		ref="inboundFileProcessorRefund">

	</int:service-activator>


	<bean id="inboundFileProcessor" class="com.airtel.money.inboundfile.InboundFileHandler">
		<property name="jobLauncher" ref="jobLauncher" />
		<property name="jobRegistry" ref="jobRegistry" />
		<property name="jobName" value="masterCardClosureJob" />
	</bean>
	
		<bean id="inboundFileProcessorRefund" class="com.airtel.money.inboundfile.InboundFileHandler">
		<property name="jobLauncher" ref="jobLauncher" />
		<property name="jobRegistry" ref="jobRegistry" />
		<property name="jobName" value="refundApiCallJob" />
		<property name="destDirectory" value="${refund.api.output.file.location}" />
	</bean>


	

</beans>