<beans xmlns="http://www.springframework.org/schema/beans"
	xmlns:batch="http://www.springframework.org/schema/batch" xmlns:task="http://www.springframework.org/schema/task"
	xmlns:xsi="http://www.w3.org/2001/XMLSchema-instance"
	xsi:schemaLocation="http://www.springframework.org/schema/batch
		http://www.springframework.org/schema/batch/spring-batch-2.2.xsd
		http://www.springframework.org/schema/beans 
		http://www.springframework.org/schema/beans/spring-beans-3.2.xsd">

	<batch:job id="masterCardClosureJob">
		<batch:step id="step1"  next="moveDataFileStep">
			<batch:tasklet>
				<batch:chunk reader="accountClosureMultiResourceDataReader" 
					writer="accountClosureCompositeWriter" commit-interval="1000">
				</batch:chunk>
			</batch:tasklet>
		</batch:step>
		
		<batch:step id="moveDataFileStep">
			<batch:tasklet ref="moveDataFileTasklset" />
		</batch:step>
	</batch:job>
	
	<bean id="moveDataFileTasklset" class="com.airtel.money.tasklet.MoveDataFileTasklset"
		scope="step">
		<property name="messageSource" ref="messageSource" />
		
	</bean>

	<bean id="accountClosureMultiResourceDataReader"
		class=" org.springframework.batch.item.file.MultiResourceItemReader"
		scope="step">
		<property name="resources" value="file:${master.card.closure.input.dir.path}*.csv" />
		<property name="delegate" ref="accountClosureDataReader" />
	</bean>
	
	<bean id="accountClosureDataReader" class="org.springframework.batch.item.file.FlatFileItemReader"
		scope="step">

		<property name="strict" value="false" />
		<property name="linesToSkip" value="1" />

		<property name="lineMapper">
			<bean class="org.springframework.batch.item.file.mapping.DefaultLineMapper">
				<property name="lineTokenizer">
					<bean
						class="org.springframework.batch.item.file.transform.DelimitedLineTokenizer">
						<property name="names"
							value="custMsisdn" />
						<property name="delimiter" value="," />
					</bean>
				</property>
				<property name="fieldSetMapper">

					<bean
						class="org.springframework.batch.item.file.mapping.BeanWrapperFieldSetMapper">
						<property name="targetType" value="com.airtel.money.bean.AccountClosureBean" />
					</bean>

				</property>
			</bean>
		</property>
	</bean>
	
	<bean id="accountClosureCompositeWriter"
		class="org.springframework.batch.item.support.CompositeItemWriter">
		<property name="delegates">
			<list>
				<ref bean="cardClosureWriter" />
				<ref bean="cardClosureAuditDBWriter" />
			</list>
		</property>
	</bean>
	

	<bean id="cardClosureWriter"
		class="org.springframework.batch.item.database.JdbcBatchItemWriter">
		<property name="dataSource" ref="dataSource_volt" />
		<property name="sql">
			<value>
            <![CDATA[  
           delete from CARD_CUSTOMER_DATA where cust_msisdn=:custMsisdn
            ]]>
			</value>
		</property>
		<property name="itemSqlParameterSourceProvider">
			<bean
				class="org.springframework.batch.item.database.BeanPropertyItemSqlParameterSourceProvider" />
		</property>
	</bean>
	
	<bean id="cardClosureAuditDBWriter"
		class="org.springframework.batch.item.database.JdbcBatchItemWriter">
		<property name="dataSource" ref="dataSource_volt" />
		<property name="sql">
			<value>
            <![CDATA[  
          Insert into CARD_CLOSURE_AUDIT_LOG (ID,CUST_MSISDN,CLOSURE_DATE) VALUES (MASTER_CARD_CLOSURE_SEQ.nextval,:custMsisdn,sysdate)
            ]]>
			</value>
		</property>
		<property name="itemSqlParameterSourceProvider">
			<bean
				class="org.springframework.batch.item.database.BeanPropertyItemSqlParameterSourceProvider" />
		</property>
	</bean>
	

</beans>