<beans xmlns="http://www.springframework.org/schema/beans"
	xmlns:batch="http://www.springframework.org/schema/batch" xmlns:task="http://www.springframework.org/schema/task"
	xmlns:xsi="http://www.w3.org/2001/XMLSchema-instance"
	xsi:schemaLocation="http://www.springframework.org/schema/batch
		http://www.springframework.org/schema/batch/spring-batch-2.2.xsd
		http://www.springframework.org/schema/beans 
		http://www.springframework.org/schema/beans/spring-beans-3.2.xsd">

	<batch:job id="oldImageReportJob">
		<batch:step id="step1">
			<batch:tasklet>
				<batch:chunk reader="customerDataReader" processor="customerDataProcessor"
					writer="reportWriter" commit-interval="1000">
				</batch:chunk>
			</batch:tasklet>
		</batch:step>
	</batch:job>

	<bean id="customerDataReader"
		class="org.springframework.batch.item.database.JdbcCursorItemReader">
		<property name="dataSource" ref="dataSource_volt" />
		<property name="sql" value="${ola.customer.reader}" />
		<property name="rowMapper" ref="olaMapper" />
	</bean>

	<bean id="customerDataProcessor" class="com.airtel.money.processor.OlaProcessor">
		<property name="messageSource" ref="messageSource" />
	</bean>
	<bean id="olaMapper" class="com.airtel.money.mapper.OlaMapper" />

	<bean id="reportWriter" class="org.springframework.batch.item.file.FlatFileItemWriter"
		scope="step">
		<!-- write to this csv file -->
		<property name="resource" value="file:#{jobParameters['completeolaFilename']}" />
		<!-- <property name="resource" value="file:cvs/report.csv" /> -->
		<property name="shouldDeleteIfExists" value="true" />
		<property name="shouldDeleteIfEmpty" value="true" />
		<property name="lineAggregator">
			<bean
				class="org.springframework.batch.item.file.transform.DelimitedLineAggregator">
				<property name="delimiter" value="," />
				<property name="fieldExtractor">
					<bean
						class="org.springframework.batch.item.file.transform.BeanWrapperFieldExtractor">
						<property name="names"
							value="Custmsisdn,Custfname,Custmname,Custlname,Custdob,Gender,Aadhaarid,Fatherorhusbandname,Mothermaidenname,Localaddress1,Localaddress2,Localaddress3,Localaddress4,Localcity,Localdistrict,Localpostalcode,Localstate,Custhouse,Custstreet,Custlandmark,Custlocality,Custvtc,Custdistrict,Custstate,Custpincode,Olacodeordl,Base64Img" />
					</bean>
				</property>
			</bean>
		</property>
		<property name="headerCallback" ref="refundDataHeaderCallback" />
	</bean>
	<bean id="refundDataHeaderCallback" class="com.airtel.money.writer.HeaderWriter"
		scope="step">
		<property name="headerData"
			value="Custmsisdn,Custfname,Custmname,Custlname,Custdob,Gender,Aadhaarid,Fatherorhusbandname,Mothermaidenname,Localaddress1,Localaddress2,Localaddress3,Localaddress4,Localcity,Localdistrict,Localpostalcode,Localstate,Custhouse,Custstreet,Custlandmark,Custlocality,Custvtc,Custdistrict,Custstate,Custpincode,Olacodeordl,Base64Img" />
	</bean>

</beans>