<beans xmlns="http://www.springframework.org/schema/beans"
	xmlns:batch="http://www.springframework.org/schema/batch" xmlns:task="http://www.springframework.org/schema/task"
	xmlns:xsi="http://www.w3.org/2001/XMLSchema-instance"
	xsi:schemaLocation="http://www.springframework.org/schema/batch
		http://www.springframework.org/schema/batch/spring-batch-2.2.xsd
		http://www.springframework.org/schema/beans 
		http://www.springframework.org/schema/beans/spring-beans-3.2.xsd">



	<batch:job id="refundApiCallJob">
		<batch:step id="refundApiCallStep" next="moveRefundDataFilesStep">
			<batch:tasklet>
				<batch:chunk reader="refundMultiResourceDataReader"
					processor="refundApiProcessor" writer="refundApiCompositeWriter"
					commit-interval="1000">
				</batch:chunk>
			</batch:tasklet>
		</batch:step>
		<batch:step id="moveRefundDataFilesStep" next="sendRefundFileMailStep">
			<batch:tasklet ref="moveRefundDataFileTasklset" />
		</batch:step>
		<batch:step id="sendRefundFileMailStep">
			<batch:tasklet ref="sendRefundMailManager" />
		</batch:step>
	</batch:job>

	<bean id="refundMultiResourceDataReader"
		class=" org.springframework.batch.item.file.MultiResourceItemReader"
		scope="step">
		<property name="resources" value="file:${refund.api.input.file.location}*.csv" />
		<property name="delegate" ref="refundDataReader" />
	</bean>
	<bean id="moveRefundDataFileTasklset" class="com.airtel.money.tasklet.MoveDataFileTasklset"
		scope="step">
		<property name="messageSource" ref="messageSource" />
		<property name="jobName" value="refundApiCallJob" />
		<property name="fileName" value="#{jobParameters['fileName']}" />
	</bean>


	<bean id="refundDataReader" class="org.springframework.batch.item.file.FlatFileItemReader"
		scope="step">

		<property name="strict" value="false" />
		<property name="linesToSkip" value="1" />

		<property name="lineMapper">
			<bean class="org.springframework.batch.item.file.mapping.DefaultLineMapper">
				<property name="lineTokenizer">
					<bean
						class="org.springframework.batch.item.file.transform.DelimitedLineTokenizer">
						<property name="names" value="prId,refundAmount,partnerOrgTxnId,partnerRefundTxnId,toSms,toNarration,requestTimestamp" />
						<property name="delimiter" value="," />
					</bean>
				</property>
				<property name="fieldSetMapper">

					<bean
						class="org.springframework.batch.item.file.mapping.BeanWrapperFieldSetMapper">
						<property name="targetType" value="com.airtel.money.bean.RefundDetailsBean" />
					</bean>

				</property>
			</bean>
		</property>
	</bean>
	<bean id="refundApiProcessor" class="com.airtel.money.processor.RefundCallProcessor"
		scope="step">
		<property name="messageSource" ref="messageSource" />
		<property name="apiClient" ref="apiClient" />
	</bean>

	<bean id="apiClient" class="com.airtel.money.service.APIClient">
		<property name="messageSource" ref="messageSource" />
	</bean>

	<bean id="refundApiCompositeWriter"
		class="org.springframework.batch.item.support.CompositeItemWriter">
		<property name="delegates">
			<list>
				<ref bean="refundApiFileWriter" />
				<ref bean="refundApiDBWriter" />
			</list>
		</property>
	</bean>

	<bean id="refundApiFileWriter" class="org.springframework.batch.item.file.FlatFileItemWriter"
		scope="step">
		<!-- write to this csv file -->
		<property name="resource"
			value="file:#{jobParameters['completeRefundStatusFilename']}" />
		<property name="shouldDeleteIfExists" value="true" />
		<property name="shouldDeleteIfEmpty" value="true" />
		<property name="lineAggregator">
			<bean
				class="org.springframework.batch.item.file.transform.DelimitedLineAggregator">
				<property name="delimiter" value="," />
				<property name="fieldExtractor">
					<bean
						class="org.springframework.batch.item.file.transform.BeanWrapperFieldExtractor">
						<property name="names"
							value="prId,refundAmount,responseStatus, responseCode, responseMsg,partnerRefundTxnId,partnerOrgTxnId" />
					</bean>
				</property>
			</bean>
		</property>
		<property name="headerCallback" ref="refundDataHeaderCallback" />
	</bean>
	<bean id="refundDataHeaderCallback" class="com.airtel.money.writer.HeaderWriter"
		scope="step">
		<property name="headerData"
			value="PR_ID,Amount,Response Status, Response Code, Response Message,PartnerRefundTxnId,PartnerOrgTxnId" />
	</bean>
	<bean id="refundApiDBWriter"
		class="org.springframework.batch.item.database.JdbcBatchItemWriter">
		<property name="dataSource" ref="dataSource_batch" />
		<property name="sql">
			<value>
            <![CDATA[  
            	insert into REFUND_API_LOG (REFUND_API_CALL_ID, PR_ID,REFUND_AMOUNT, RESP_STAT, RESP_CODE, RESP_MSG,CREATED_TS,MODIFIED_TS) 
				values (REFUND_API_CALL_SEQ.nextval,:prId, :refundAmount, :responseStatus, :responseCode, :responseMsg, :createdTs, :modifiedTs)			            	
            ]]>
			</value>
		</property>
		<!-- It will take care matching between object property and sql name parameter -->
		<property name="itemSqlParameterSourceProvider">
			<bean
				class="org.springframework.batch.item.database.BeanPropertyItemSqlParameterSourceProvider" />
		</property>
	</bean>
	<bean id="sendRefundMailManager" class="com.airtel.money.tasklet.SendMailTasklet"
		scope="step">
		<property name="mailSender" ref="mailSender" />
		<property name="sendMailService" ref="sendMailService" />
		<property name="senderAddress" value="${mail.sender_id}" />
		<property name="recipientTO" value="${refund.mail.recipient_id_to}" />
		<property name="recipientCC" value="${refund.mail.recipient_id_cc}" />
		<property name="attachmentFile"
			value="#{jobParameters['completeRefundStatusFilename']}" />
		<property name="subject" value="${refund.mail.subject}" />
		<property name="bodyData" value="${refund.mail.bodyData}" />
	</bean>
	
	
		<bean id="mailSender" class="org.springframework.mail.javamail.JavaMailSenderImpl"
		scope="step">
		<property name="host" value="${smtp.mail.ip}" />
		<property name="port" value="${smtp.mail.port}" />
		<property name="username" value="" />
		<property name="password" value="" />
		<property name="javaMailProperties">
			<props>
				<prop key="mail.smtp.auth">false</prop>
			</props>
		</property>
	</bean>
	
		<bean id="sendMailService" class="com.airtel.money.tasklet.SendMailService" />

</beans>
