<beans xmlns="http://www.springframework.org/schema/beans"
	xmlns:batch="http://www.springframework.org/schema/batch" xmlns:task="http://www.springframework.org/schema/task"
	xmlns:xsi="http://www.w3.org/2001/XMLSchema-instance"
	xsi:schemaLocation="http://www.springframework.org/schema/batch
		http://www.springframework.org/schema/batch/spring-batch-2.2.xsd
		http://www.springframework.org/schema/beans 
		http://www.springframework.org/schema/beans/spring-beans-3.2.xsd">


	<batch:job id="updateCustomerCategoryJob">
		<batch:step id="step_data_time">
			<batch:tasklet ref="tasklet_fetch_time" />
			<batch:next on="*" to="Read_Data" />
			<batch:next on="FAILED" to="update_failed_step" />

		</batch:step>

		<batch:step id="Read_Data" next="sendMailStep">
			<batch:tasklet>
				<batch:chunk reader="customerMasterReader" processor="customerMasterProcessor"
					writer="classiFierWriter" commit-interval="1000">

					<batch:streams>
						<batch:stream ref="circlesFileWriter" />
						<batch:stream ref="updateApiCompositeWriter" />
					</batch:streams>
				</batch:chunk>
				<batch:listeners>
					<batch:listener ref="stepListener" />
				</batch:listeners>
			</batch:tasklet>
		</batch:step>
		<batch:step id="sendMailStep">
			<batch:tasklet ref="sendMailManager" />
		</batch:step>
		<batch:step id="update_failed_step">
			<batch:tasklet ref="update_failed_tasklet" />
		</batch:step>
	</batch:job>

	<bean id="update_failed_tasklet" class="com.airtel.money.tasklet.StepFailedTasklet"
		scope="step">
		<property name="mailSender" ref="mailSender" />
		<property name="sendMailService" ref="sendMailService" />
		<property name="messageSource" ref="messageSource" />
	</bean>



	<bean id="tasklet_fetch_time" class="com.airtel.money.tasklet.FetchBatchDataTiming"
		scope="step">
		<property name="dao" ref="batchUserDAO" />
		<property name="bthStatus" ref="batchStatus" />
		<property name="messageSource" ref="messageSource" />
	</bean>


	<bean id="stepListener" class="com.airtel.money.listener.StepListener">
		<property name="dao" ref="batchUserDAO" />
		<property name="bthStatus" ref="batchStatus" />

	</bean>

	<bean id="customerMasterReader"
		class="org.springframework.batch.item.database.JdbcCursorItemReader"
		scope="step">
		<property name="dataSource" ref="dataSource_cbs" />
		<property name="sql"
			value="select  B.CIRCLE ,A.NAM_CUST_FIRST,A.NAM_CUST_LAST,A.DAT_BIRTH_CUST,A.REF_CUST_EMAIL,A.FLG_CUST_TYP,B.OBOARD_CHANNEL,B.COD_CATEGORY,A.COD_CUST_NATL_ID from FCRHOST.CI_CUSTMAST A,FCRHOST.CI_X_CUST_SEG_DETAILS B where  A.COD_CUST_ID=B.COD_CUST_ID AND DAT_CUST_OPEN &gt;=trunc(sysdate-50) AND A.FLG_CUST_TYP='LKY' and B.COD_CATEGORY NOT IN('10049') AND B.OBOARD_CHANNEL NOT IN('RAPP','MVER')  and rownum &lt;=1" />
		<property name="rowMapper" ref="rowMapperCBS" />
		<!-- <property name="preparedStatementSetter">
			<bean class="com.airtel.money.mapper.ParameterSetter" scope="step">
				<property name="bthStatus" ref="batchStatus" />
			</bean>
		</property> -->
	</bean>

	<bean id="batchStatus" class="com.airtel.money.bean.BatchStatus" />

	<bean id="rowMapperCBS" class="com.airtel.money.mapper.DataMapperCBS" />


	<bean id="customerMasterProcessor" class="com.airtel.money.processor.CustomerMasterProcessor"
		scope="step">
		<property name="messageSource" ref="messageSource" />
		<property name="batchStatus" ref="batchStatus" />
	</bean>

	<bean id="classiFierWriter"
		class="org.springframework.batch.item.support.ClassifierCompositeItemWriter">
		<property name="classifier">
			<bean class="org.springframework.classify.BackToBackPatternClassifier">
				<property name="routerDelegate">
					<bean class="com.airtel.money.writer.ClassifierWriter">
						<property name="messageSource" ref="messageSource" />
					</bean>
				</property>
				<property name="matcherMap">
					<map>
						<entry key="circleBatch" value-ref="circlesFileWriter" />
						<entry key="updateBatch" value-ref="updateApiCompositeWriter" />
					</map>
				</property>
			</bean>
		</property>
	</bean>


	<bean id="updateApiCompositeWriter"
		class="org.springframework.batch.item.support.CompositeItemWriter">
		<property name="delegates">
			<list>
				<ref bean="updateApiFileWriter" />
				<ref bean="updateApiDBWriter" />
			</list>
		</property>
	</bean>



	<bean id="updateApiDBWriter"
		class="org.springframework.batch.item.database.JdbcBatchItemWriter">
		<property name="dataSource" ref="dataSource_batch" />
		<property name="sql">
			<value>
            <![CDATA[  
          insert into UPDATE_API_LOG (UPDATE_API_CALL_ID,CUST_MSISDN, RESP_STAT, RESP_CODE, RESP_MSG,CREATED_TS,MODIFIED_TS,BATCH_ID) 
				values (UPDATE_API_CALL_SEQ.nextval, :mobileNo, :responseStatus, :responseCode, :responseMsg, :createdTs, :modifiedTs,:batchId)
            ]]>
			</value>
		</property>
		<!-- It will take care matching between object property and sql name parameter -->
		<property name="itemSqlParameterSourceProvider">
			<bean
				class="org.springframework.batch.item.database.BeanPropertyItemSqlParameterSourceProvider" />
		</property>
	</bean>

	<bean id="updateApiFileWriter" class="org.springframework.batch.item.file.FlatFileItemWriter"
		scope="step">
		<!-- write to this csv file -->
		<property name="resource"
			value="file:#{jobParameters['completeUpdateProfileStatusFilename']}" />
		<property name="shouldDeleteIfExists" value="true" />
		<property name="shouldDeleteIfEmpty" value="true" />
		<property name="lineAggregator">
			<bean
				class="org.springframework.batch.item.file.transform.DelimitedLineAggregator">
				<property name="delimiter" value="," />
				<property name="fieldExtractor">
					<bean
						class="org.springframework.batch.item.file.transform.BeanWrapperFieldExtractor">
						<property name="names"
							value="custFirstName,custMiddleName,custLastName,mobileNo,dateOfBirth,emailId,customerCategory,responseStatus, responseCode, responseMsg,updateList,circle,walletType,kycnPRegistrationMode" />
					</bean>
				</property>
			</bean>
		</property>
		<property name="headerCallback" ref="updateDataHeaderCallback" />
	</bean>

	<bean id="circlesFileWriter" class="org.springframework.batch.item.file.FlatFileItemWriter"
		scope="step">
		<!-- write to this csv file -->
		<property name="resource"
			value="file:#{jobParameters['completeCirclesFilename']}" />
		<property name="shouldDeleteIfExists" value="true" />
		<property name="shouldDeleteIfEmpty" value="true" />
		<property name="lineAggregator">
			<bean
				class="org.springframework.batch.item.file.transform.DelimitedLineAggregator">
				<property name="delimiter" value="," />
				<property name="fieldExtractor">
					<bean
						class="org.springframework.batch.item.file.transform.BeanWrapperFieldExtractor">
						<property name="names"
							value="circle,mobileNo,custFirstName,custLastName,dateOfBirth,actorCreationDate,emailId,walletType,kycnPRegistrationMode" />
					</bean>
				</property>
			</bean>
		</property>
		<property name="headerCallback" ref="circlesDataHeaderCallback" />
	</bean>
	<bean id="circlesDataHeaderCallback" class="com.airtel.money.writer.HeaderWriter"
		scope="step">
		<property name="headerData"
			value="Circle,Mobile Number,First Name,Last Name,DOB,Creation Timestamp,EmailId,Circle,Wallet_Type,Reg_Mode" />
	</bean>

	<bean id="updateDataHeaderCallback" class="com.airtel.money.writer.HeaderWriter"
		scope="step">
		<property name="headerData"
			value="First_Name,Middle_Name,Last_Name,Msisdn,Dob,EmailId,Old Category,Response Status, Response Code, Response Message,New Category,Circle,Wallet_Type,Reg_Mode" />
	</bean>



	<bean id="sendMailManager" class="com.airtel.money.tasklet.SendMailTasklet"
		scope="step">
		<property name="mailSender" ref="mailSender" />
		<property name="sendMailService" ref="sendMailService" />
		<property name="senderAddress" value="${mail.sender_id}" />
		<property name="recipientTO" value="${category.change.mail.recipient_id_to}" />
		<property name="recipientCC" value="${category.change.mail.recipient_id_cc}" />
		<property name="stepListener" ref="stepListener" />
		<property name="attachmentFileUpdateProfile"
			value="#{jobParameters['completeUpdateProfileStatusFilename']}" />
		<property name="attachmentFileCircles" value="#{jobParameters['completeCirclesFilename']}" />
		<property name="subject" value="${category.change.mail.subject}" />
		<property name="dao" ref="customerMasterDataDao" />

	</bean>
	<bean id="sendMailService" class="com.airtel.money.tasklet.SendMailService" />

	<bean id="mailSender" class="org.springframework.mail.javamail.JavaMailSenderImpl"
		scope="step">
		<property name="host" value="${smtp.mail.ip}" />
		<property name="port" value="${smtp.mail.port}" />
		<property name="username" value="" />
		<property name="password" value="" />
		<property name="javaMailProperties">
			<props>
				<prop key="mail.smtp.auth">false</prop>
			</props>
		</property>
	</bean>
</beans>