<beans xmlns="http://www.springframework.org/schema/beans"
	xmlns:batch="http://www.springframework.org/schema/batch" xmlns:task="http://www.springframework.org/schema/task"
	xmlns:xsi="http://www.w3.org/2001/XMLSchema-instance"
	xsi:schemaLocation="http://www.springframework.org/schema/batch
		http://www.springframework.org/schema/batch/spring-batch-2.2.xsd
		http://www.springframework.org/schema/beans 
		http://www.springframework.org/schema/beans/spring-beans-3.2.xsd">

	<batch:job id="voltHoldFundJob">
		<batch:step id="step1">
			<batch:tasklet>
				<batch:chunk reader="holdfundReader" processor="holdfundProcessor"
					writer="holdfundWriter" commit-interval="1000">
				</batch:chunk>
			</batch:tasklet>
		</batch:step>
	</batch:job>

	<bean id="holdfundReader"
		class="org.springframework.batch.item.database.JdbcCursorItemReader">
		<property name="dataSource" ref="dataSource_volt" />
		<property name="sql" value="${volt.holdfund.status}" />
		<property name="rowMapper" ref="voltHoldFundMapper" />
	</bean>

	<bean id="holdfundProcessor" class="com.airtel.money.processor.HoldFundProcessor">
		<property name="messageSource" ref="messageSource" />
	</bean>
	<bean id="voltHoldFundMapper" class="com.airtel.money.mapper.HoldFundMapper" />

	<bean id="holdfundWriter"
		class="org.springframework.batch.item.database.JdbcBatchItemWriter">
		<property name="dataSource" ref="dataSource_batch" />
		<property name="sql">
			<value>
            <![CDATA[  
           Insert into VOLT_CASHOUT_FUND (STAN_ID,MSISDN,VOLT_TRANSACTION_ID,RESP_STATUS) values (VOLT_CASHOUT_FUND_SEQ.nextval, :MSISDN, :VOLT_TRANSACTION_ID, :status)
            ]]>
			</value>
		</property>
		<property name="itemSqlParameterSourceProvider">
			<bean
				class="org.springframework.batch.item.database.BeanPropertyItemSqlParameterSourceProvider" />
		</property>
	</bean>

</beans>