<?xml version="1.0" encoding="UTF-8"?>
<project xmlns="http://maven.apache.org/POM/4.0.0" xmlns:xsi="http://www.w3.org/2001/XMLSchema-instance" xsi:schemaLocation="http://maven.apache.org/POM/4.0.0 http://maven.apache.org/maven-v4_0_0.xsd">
  <modelVersion>4.0.0</modelVersion>
  <groupId>com.airtel</groupId>
  <artifactId>UtilityBatchJobs</artifactId>
  <version>1.0</version>
  <build>
    <plugins>
      <plugin>
        <artifactId>maven-compiler-plugin</artifactId>
        <version>2.5.1</version>
        <configuration>
          <source>1.8</source>
          <target>1.8</target>
        </configuration>
      </plugin>
      <plugin>
        <artifactId>maven-shade-plugin</artifactId>
        <version>2.3</version>
        <executions>
          <execution>
            <phase>package</phase>
            <goals>
              <goal>shade</goal>
            </goals>
            <configuration>
              <transformers>
                <transformer />
                <transformer />
                <transformer>
                  <resource>META-INF/sisu/javax.inject.Named</resource>
                </transformer>
                <transformer>
                  <mainClass>com.airtel.money.app.BatchProcessorApp</mainClass>
                </transformer>
                <transformer>
                  <resource>META-INF/spring.handlers</resource>
                </transformer>
                <transformer>
                  <resource>META-INF/spring.schemas</resource>
                </transformer>
              </transformers>
              <filters>
                <filter>
                  <artifact>*:*</artifact>
                  <excludes>
                    <exclude>META-INF/*.SF</exclude>
                    <exclude>META-INF/*.DSA</exclude>
                    <exclude>META-INF/*.RSA</exclude>
                  </excludes>
                </filter>
              </filters>
            </configuration>
          </execution>
        </executions>
      </plugin>
    </plugins>
  </build>
  <dependencies>
    <dependency>
      <groupId>org.springframework</groupId>
      <artifactId>spring-test</artifactId>
      <version>4.2.0.RELEASE</version>
      <scope>test</scope>
    </dependency>
    <dependency>
      <groupId>junit</groupId>
      <artifactId>junit</artifactId>
      <version>4.11</version>
      <scope>test</scope>
      <exclusions>
        <exclusion>
          <artifactId>hamcrest-core</artifactId>
          <groupId>org.hamcrest</groupId>
        </exclusion>
      </exclusions>
    </dependency>
  </dependencies>
  <properties>
    <spring.batch.version>3.0.4.RELEASE</spring.batch.version>
    <slf4j.version>1.7.5</slf4j.version>
    <junit.version>4.11</junit.version>
    <java.version>1.8</java.version>
    <oracle.driver.version>10.2.0.4.0</oracle.driver.version>
    <mysql.driver.version>5.1.25</mysql.driver.version>
    <spring-framework.version>4.2.0.RELEASE</spring-framework.version>
    <project.reporting.outputEncoding>UTF-8</project.reporting.outputEncoding>
    <camel.version>2.15.2</camel.version>
    <log4j.version>1.2.14</log4j.version>
    <project.build.sourceEncoding>UTF-8</project.build.sourceEncoding>
    <hibernate.version>4.0.1.Final</hibernate.version>
    <logback.version>1.0.13</logback.version>
    <spring.version>4.1.4.RELEASE</spring.version>
  </properties>
</project>

