<beans xmlns="http://www.springframework.org/schema/beans"
	xmlns:xsi="http://www.w3.org/2001/XMLSchema-instance"
	xsi:schemaLocation="
		http://www.springframework.org/schema/beans 
		http://www.springframework.org/schema/beans/spring-beans-3.2.xsd">

	<import resource="hibernate.cfg.xml" />

	<!-- stored job-meta in database -->
	<bean id="jobRepository"
		class="org.springframework.batch.core.repository.support.JobRepositoryFactoryBean">
		<property name="dataSource" ref="dataSource_batch" />
		<property name="transactionManager" ref="transactionManager" />
		<property name="databaseType" value="oracle" />
		<property name="isolationLevelForCreate" value="ISOLATION_READ_COMMITTED" />
	</bean>

	<bean id="jobRegistry"
		class="org.springframework.batch.core.configuration.support.MapJobRegistry" />

	<bean id="jobRegistryBeanPostProcessor"
		class="org.springframework.batch.core.configuration.support.JobRegistryBeanPostProcessor">
		<property name="jobRegistry" ref="jobRegistry" />
	</bean>

	<bean id="jobOperator"
		class="org.springframework.batch.core.launch.support.SimpleJobOperator">
		<property name="jobRepository" ref="jobRepository" />
		<property name="jobLauncher" ref="jobLauncher" />
		<property name="jobRegistry" ref="jobRegistry" />
		<property name="jobExplorer">
			<bean
				class="org.springframework.batch.core.explore.support.JobExplorerFactoryBean">
				<property name="dataSource" ref="dataSource_batch" />
			</bean>
		</property>
	</bean>

	<bean id="runIdIncrementer"
		class="org.springframework.batch.core.launch.support.RunIdIncrementer" />


	<!-- stored job-meta in memory -->
	<!-- <bean id="jobRepository" class="org.springframework.batch.core.repository.support.MapJobRepositoryFactoryBean"> 
		<property name="transactionManager" ref="transactionManager" /> </bean> -->

	<bean id="jobLauncher" 	class="org.springframework.batch.core.launch.support.SimpleJobLauncher">
		<property name="jobRepository" ref="jobRepository" />
	</bean>
	
	 <bean id="batchUserDAO" class="com.airtel.money.dao.BatchDAO">
         <property name="dataSource" ref="dataSource_batch"/>
	</bean>

</beans>
