<beans xmlns="http://www.springframework.org/schema/beans"
	xmlns:jdbc="http://www.springframework.org/schema/jdbc" xmlns:xsi="http://www.w3.org/2001/XMLSchema-instance"
	xmlns:context="http://www.springframework.org/schema/context" xmlns:tx="http://www.springframework.org/schema/tx"
	xsi:schemaLocation="http://www.springframework.org/schema/beans 
		http://www.springframework.org/schema/beans/spring-beans-3.2.xsd
		http://www.springframework.org/schema/tx 
		http://www.springframework.org/schema/tx/spring-tx.xsd
		http://www.springframework.org/schema/context 
		http://www.springframework.org/schema/context/spring-context.xsd
		http://www.springframework.org/schema/jdbc 
		http://www.springframework.org/schema/jdbc/spring-jdbc-3.2.xsd">

	<bean id="pwdEcnrDecr" class="com.airtel.money.service.EncryptionDecryptionService">
	</bean>
	<bean id="dataSource_batch"
		class="org.springframework.jdbc.datasource.DriverManagerDataSource">
		<property name="driverClassName" value="${batch.db.driver}" />
		<property name="url" value="${batch.db.url}" />
		<property name="username" value="${batch.db.userName}" />
		<property name="password"
			value="#{pwdEcnrDecr.getPassword('${batch.db.password}')}" />
	</bean>

	<bean id="dataSource_volt"
		class="org.springframework.jdbc.datasource.DriverManagerDataSource">
		<property name="driverClassName" value="${volt.db.driver}" />
		<property name="url" value="${volt.db.url}" />
		<property name="username" value="${volt.db.userName}" />
		<property name="password"
			value="#{pwdEcnrDecr.getPassword('${volt.db.password}')}" />
	</bean>


	<bean id="dataSource_cbs"
		class="org.springframework.jdbc.datasource.DriverManagerDataSource">
		<property name="driverClassName" value="${cbs.db.driver}" />
		<property name="url" value="${cbs.db.url}" />
		<property name="username" value="${cbs.db.userName}" />
		<property name="password"
			value="#{pwdEcnrDecr.getPassword('${cbs.db.password}')}" />
	</bean>



</beans>
