<beans xmlns="http://www.springframework.org/schema/beans"
        xmlns:xsi="http://www.w3.org/2001/XMLSchema-instance"
        xmlns:context="http://www.springframework.org/schema/context"
        xmlns:tx="http://www.springframework.org/schema/tx"
        xmlns:aop="http://www.springframework.org/schema/aop"
        xsi:schemaLocation="http://www.springframework.org/schema/beans http://www.springframework.org/schema/beans/spring-beans-3.2.xsd
                http://www.springframework.org/schema/context http://www.springframework.org/schema/context/spring-context-3.2.xsd
                http://www.springframework.org/schema/aop http://www.springframework.org/schema/aop/spring-aop-3.2.xsd
                http://www.springframework.org/schema/tx http://www.springframework.org/schema/tx/spring-tx-3.2.xsd"
                default-autowire="byName"  default-init-method="init">
 
    <import resource="database.xml"/>
 
    <bean id="sessionFactory" class="org.springframework.orm.hibernate4.LocalSessionFactoryBean" >
        <property name="dataSource" ref="dataSource_batch"/>
        <property name="packagesToScan">
            <list>
                <value>com.airtel.money.model</value>
                <value>com.airtel.money.entity</value>
            </list>
        </property>
        <property name="hibernateProperties">
            <props>
                <prop key="hibernate.dialect">org.hibernate.dialect.Oracle10gDialect</prop>
                <!--     <prop key="hibernate.show_sql">true</prop> -->
                <!--     <prop key="hibernate.format_sql">true</prop> -->
            </props>
         
        </property>       
    </bean>
    
 
    <bean id="transactionManager" class="org.springframework.orm.hibernate4.HibernateTransactionManager">
    	<property name="sessionFactory" ref="sessionFactory"/>
	</bean>
    
    <tx:annotation-driven transaction-manager="transactionManager"/>
    
    <!-- transaction-manager="transactionManager"/> -->
     
</beans>